ID1 *,Latitude,Longitude,WaterDepth_Min,WaterDepth_Max,WaterDepth_Notes,TotalLength_Lt,DepositLength_Ld,EvacuatedLength_Le,LengthNotes,ScarpPerimeterLength_Ls,ScarpHeight_Hs,EvacuatedHeight_He,ScarpWidth_Ws,ScarpSurfaceNature,Scarp_Notes,MaxDepositWidth_Wd,MaxDepositThickness_Tdmax_m,MaxDepositThickness_TWTT_Tdmax,MaxUnconfinedDepositThickness_Tumax_m,MaxUnconfinedDepositThickness_TWTT_Tumax,ThicknessNotes,Deposit_Notes,TotalHeightDrop_Ht,SlopeGradient_S,SlopeGradientNotes,SlopeGradientHeadscarp_Ss,SlopeGradientHeadscarpNotes,SlopeGradientToe_St,SlopeGradientToeNotes,OBJECTID_12__
1,41.824,-56.253,4015,5045,,120000,120000,0,Max length measured,538556,40,0,153750,,,140000,30,0.04,,,Collected along one line crossing the MTD. Not precise,,880,0.65,"measured on 80 km, between 1 and 14 km from the landslide, in the downslope direction of the landslide",6.3,Taken at the same location as the scarp height. Gradient varies along the perimeter of the entire landslide. The headscarp gradient is variable.,0,,1
2,49.663787,-123.251085,0,0,,0,0,0,,0,0,0,0,,,0,0,0,,,,,0,0,,0,,0,,2
3,49.0865,-123.3105,,0,,0,0,0,,0,0,0,0,,,0,0,0,,,,,0,0,,0,,0,,3
4,53.983184,-128.692,119,0,,0,0,0,,0,0,0,0,,,0,0,0,,,,,0,0,,0,,0,,4
5,48.25,-126.5,-2130,-2600,,0,1300,0,,0,0,0,0,Rectangular headscrap,,3300,0,0,,,,,470,14.5,From publication -Intact ridge slope angle ,0,,0,,5
6,48.333333,-126.668056,-1615,-2600,,0,2200,0,,0,0,0,0,Circular headscrap ,,2500,0,0,,,,,985,25,From publication -Intact ridge slope angle ,0,,0,,6
7,48.45,-126.8,-2050,-2600,,0,700,0,,0,0,0,0,Rectangular headscrap,,2400,0,0,,,,,550,12.8,From publication -Intact ridge slope angle ,0,,0,,7
8,48.5,-127,-2100,-2600,,0,2000,0,,0,0,0,0,Rectangular headscrap,,3300,0,0,,,,,500,9.5,From publication -Intact ridge slope angle ,0,,0,,8
9,48.6,-127.041667,-1720,-2600,,0,2400,0,,0,0,0,0,Circular headscrap ,,2000,0,0,,,,,880,16.5,From publication -Intact ridge slope angle ,0,,0,,9
10,48.625,-127.166944,-2230,-2600,,0,1200,0,,0,0,0,0,Rectangular headscrap,,2000,0,0,,,,,370,11.8,From publication -Intact ridge slope angle ,0,,0,,10
11,48.645833,-127.25,-1810,-2600,,0,1400,0,,0,0,0,0,Circular headscrap ,,1800,0,0,,,,,790,21.5,From publication -Intact ridge slope angle ,0,,0,,11
12,48.716667,-127.333333,-2060,-2600,,0,2000,0,,0,0,0,0,Rectangular headscrap,,2000,0,0,,,,,540,11.5,From publication -Intact ridge slope angle ,0,,0,,12
13,49.955361,-129.040556,,,,,,,,0,0,0,,,,,,,,,,,,,,,,,,13
14,49.914806,-128.991944,,,,,,,,0,0,0,,,,,,,,,,,,,,,,,,14
15,50.018639,-128.746667,,,,,,,,0,0,0,,,,,,,,,,,,,,,,,,15
16,49.7035,-128.624444,,,,,,,,0,0,0,,,,,,,,,,,,,,,,,,16
17,49.696361,-128.581389,,,,,,,,0,0,0,,,,,,,,,,,,,,,,,,17
18,49.537722,-127.933889,,,,,,,,0,0,0,,,,,,,,,,,,,,,,,,18
19,49.507389,-127.874444,,,,,,,,0,0,0,,,,,,,,,,,,,,,,,,19
20,49.6325,-128.436389,,,,,,,,0,0,0,,,,,,,,,,,,,,,,,,20
21,70.60067,-136.0735,0,0,,0,0,0,,0,0,0,0,,,0,0,0,,,,,0,0,,0,,0,,21
22,71.346875,-70.249903,0,0,,0,0,0,,0,0,0,0,,,0,0,0,,,,,0,0,,0,,0,,22
23,48.867906,-68.698831,,-375,,0,0,0,,0,0,0,0,,,0,0,0,,,,,0,0,,0,,0,,23
24,44.69,-56,0,0,,0,0,0,,0,0,0,0,,,0,0,0,,,,,0,0,,0,,0,,24
25,56.417767,-57.493669,0,0,,0,0,0,,0,0,0,0,,,0,0,0,,,,,0,0,,0,,0,,25
26,48.2936,-45.7697,1002,0,,0,0,0,,0,0,0,0,,,0,0,0,,,,,0,0,,0,,0,,26
27,48.5809,-45.5643,1120,0,,0,0,0,,0,0,0,0,,,0,0,0,,,,,0,0,,0,,0,,27
28,48.3887,-45.6473,965,0,,0,0,0,,0,0,0,0,,,0,0,0,,,,,0,0,,0,,0,,28
29,47.103926,-52.843445,-159.351,0,,0,0,0,,0,0,0,0,,,0,0,0,,,,,0,0,,0,,0,,29
30,47.110981,-52.843445,-150.802,0,,0,0,0,,0,0,0,0,,,0,0,0,,,,,0,0,,0,,0,,30
31,45.770437,-56.824702,-285.268,0,,0,0,0,,0,0,0,0,,,0,0,0,,,,,0,0,,0,,0,,31
32,45.389441,-52.894357,-92.673,0,,0,0,0,,0,0,0,0,,,0,0,0,,,,,0,0,,0,,0,,32
33,45.481162,-56.570146,-295.607,0,,0,0,0,,0,0,0,0,,,0,0,0,,,,,0,0,,0,,0,,33
34,45.135443,-55.358459,-138.968,0,,0,0,0,,0,0,0,0,,,0,0,0,,,,,0,0,,0,,0,,34
35,45.163665,-55.175179,-183.203,0,,0,0,0,,0,0,0,0,,,0,0,0,,,,,0,0,,0,,0,,35
36,45.163665,-55.154814,-180.608,0,,0,0,0,,0,0,0,0,,,0,0,0,,,,,0,0,,0,,0,,36
37,45.128388,-55.419552,-151.927,0,,0,0,0,,0,0,0,0,,,0,0,0,,,,,0,0,,0,,0,,37
38,45.071944,-55.50101,-155.371,0,,0,0,0,,0,0,0,0,,,0,0,0,,,,,0,0,,0,,0,,38
39,47.491978,-56.397048,-362.778,0,,0,0,0,,0,0,0,0,,,0,0,0,,,,,0,0,,0,,0,,39
40,47.576644,-56.325772,-252.311,0,,0,0,0,,0,0,0,0,,,0,0,0,,,,,0,0,,0,,0,,40
41,47.703642,-54.034768,-159.333,0,,0,0,0,,0,0,0,0,,,0,0,0,,,,,0,0,,0,,0,,41
42,47.689531,-54.075497,-201.303,0,,0,0,0,,0,0,0,0,,,0,0,0,,,,,0,0,,0,,0,,42
43,48.395081,-54.146772,0,0,,0,0,0,,0,0,0,0,,,0,0,0,,,,,0,0,,0,,0,,43
44,47.640143,-53.108184,-272.144,0,,0,0,0,,0,0,0,0,,,0,0,0,,,,,0,0,,0,,0,,44
45,48.134027,-53.291464,-468,0,,0,0,0,,0,0,0,0,,,0,0,0,,,,,0,0,,0,,0,,45
46,49.008909,-50.155334,-350,0,,0,0,0,,0,0,0,0,,,0,0,0,,,,,0,0,,0,,0,,46
47,49.001853,-50.09424,-488,0,,0,0,0,,0,0,0,0,,,0,0,0,,,,,0,0,,0,,0,,47
48,49.008909,-50.155334,-350,0,,0,0,0,,0,0,0,0,,,0,0,0,,,,,0,0,,0,,0,,48
49,48.860743,-50.043329,-389.444,0,,0,0,0,,0,0,0,0,,,0,0,0,,,,,0,0,,0,,0,,49
50,48.860743,-50.084058,-313.089,0,,0,0,0,,0,0,0,0,,,0,0,0,,,,,0,0,,0,,0,,50
51,47.964696,-53.444198,-291.205,0,,0,0,0,,0,0,0,0,,,0,0,0,,,,,0,0,,0,,0,,51
52,48.02114,-53.393286,-149.075,0,,0,0,0,,0,0,0,0,,,0,0,0,,,,,0,0,,0,,0,,52
53,48.02114,-53.393286,-149.075,0,,0,0,0,,0,0,0,0,,,0,0,0,,,,,0,0,,0,,0,,53
54,48.035251,-53.383104,-140.119,0,,0,0,0,,0,0,0,0,,,0,0,0,,,,,0,0,,0,,0,,54
55,48.077584,-53.342375,-127.576,0,,0,0,0,,0,0,0,0,,,0,0,0,,,,,0,0,,0,,0,,55
56,48.077584,-53.342375,-127.576,0,,0,0,0,,0,0,0,0,,,0,0,0,,,,,0,0,,0,,0,,56
57,45.45294,-52.313969,-99.032,0,,0,0,0,,0,0,0,0,,,0,0,0,,,,,0,0,,0,,0,,57
58,53.379508,-53.379508,0,0,,0,0,0,,0,0,0,0,,,0,0,0,,,,,0,0,,0,,0,,58
59,53.388246,-53.388246,0,0,,0,0,0,,0,0,0,0,,,0,0,0,,,,,0,0,,0,,0,,59
60,53.489459,-53.489459,0,0,,0,0,0,,0,0,0,0,,,0,0,0,,,,,0,0,,0,,0,,60
61,53.609716,-53.609716,0,0,,0,0,0,,0,0,0,0,,,0,0,0,,,,,0,0,,0,,0,,61
62,49.652119,-124.928149,0,0,,0,0,0,,0,0,0,0,,,0,0,0,,,,,0,0,,0,,0,,62
63,49.648807,-124.918694,0,0,,0,0,0,,0,0,0,0,,,0,0,0,,,,,0,0,,0,,0,,63
64,49.642022,-124.879703,0,0,,0,0,0,,0,0,0,0,,,0,0,0,,,,,0,0,,0,,0,,64
65,49.622409,-124.860676,0,0,,0,0,0,,0,0,0,0,,,0,0,0,,,,,0,0,,0,,0,,65
66,49.650405,-124.842552,0,0,,0,0,0,,0,0,0,0,,,0,0,0,,,,,0,0,,0,,0,,66
67,49.467519,-124.740741,0,0,,0,0,0,,0,0,0,0,,,0,0,0,,,,,0,0,,0,,0,,67
68,49.456998,-124.043871,0,0,,0,0,0,,0,0,0,0,,,0,0,0,,,,,0,0,,0,,0,,68
69,49.292794,-124.007355,0,0,,0,0,0,,0,0,0,0,,,0,0,0,,,,,0,0,,0,,0,,69
70,49.768874,-124.456606,0,0,,0,0,0,,0,0,0,0,,,0,0,0,,,,,0,0,,0,,0,,70
71,49.093629,-123.348272,0,0,,0,0,0,,0,0,0,0,,,0,0,0,,,,,0,0,,0,,0,,71
72,49.1293,-123.322624,0,0,,0,0,0,,0,0,0,0,,,0,0,0,,,,,0,0,,0,,0,,72
73,49.02351,-123.271055,0,0,,0,0,0,,0,0,0,0,,,0,0,0,,,,,0,0,,0,,0,,73
74,49.05011,-123.33807,0,0,,0,0,0,,0,0,0,0,,,0,0,0,,,,,0,0,,0,,0,,74
75,48.997495,-123.202463,0,0,,0,0,0,,0,0,0,0,,,0,0,0,,,,,0,0,,0,,0,,75
76,48.968546,-123.089545,0,0,,0,0,0,,0,0,0,0,,,0,0,0,,,,,0,0,,0,,0,,76
77,49.341894,-123.983095,0,0,,0,0,0,,0,0,0,0,,,0,0,0,,,,,0,0,,0,,0,,77
78,49.340354,-123.975921,0,0,,0,0,0,,0,0,0,0,,,0,0,0,,,,,0,0,,0,,0,,78
79,49.434243,-124.089498,0,0,,0,0,0,,0,0,0,0,,,0,0,0,,,,,0,0,,0,,0,,79
80,49.363758,-123.752295,0,0,,0,0,0,,0,0,0,0,,,0,0,0,,,,,0,0,,0,,0,,80
81,49.34932,-123.724949,0,0,,0,0,0,,0,0,0,0,,,0,0,0,,,,,0,0,,0,,0,,81
82,49.37507,-123.553771,0,0,,0,0,0,,0,0,0,0,,,0,0,0,,,,,0,0,,0,,0,,82
83,49.388922,-123.574904,0,0,,0,0,0,,0,0,0,0,,,0,0,0,,,,,0,0,,0,,0,,83
84,49.364672,-123.8723,0,0,,0,0,0,,0,0,0,0,,,0,0,0,,,,,0,0,,0,,0,,84
85,49.984158,-125.093402,0,0,,0,0,0,,0,0,0,0,,,0,0,0,,,,,0,0,,0,,0,,85
86,50.011762,-125.124087,0,0,,0,0,0,,0,0,0,0,,,0,0,0,,,,,0,0,,0,,0,,86
87,50.020889,-125.139446,0,0,,0,0,0,,0,0,0,0,,,0,0,0,,,,,0,0,,0,,0,,87
88,50.043847,-125.157389,0,0,,0,0,0,,0,0,0,0,,,0,0,0,,,,,0,0,,0,,0,,88
89,50.370077,-124.958156,0,0,,0,0,0,,0,0,0,0,,,0,0,0,,,,,0,0,,0,,0,,89
90,50.166781,-123.915741,0,0,,0,0,0,,0,0,0,0,,,0,0,0,,,,,0,0,,0,,0,,90
91,49.886791,-123.882547,0,0,,0,0,0,,0,0,0,0,,,0,0,0,,,,,0,0,,0,,0,,91
92,49.879631,-123.878642,0,0,,0,0,0,,0,0,0,0,,,0,0,0,,,,,0,0,,0,,0,,92
93,49.847524,-123.884675,0,0,,0,0,0,,0,0,0,0,,,0,0,0,,,,,0,0,,0,,0,,93
94,49.436527,-123.736503,0,0,,0,0,0,,0,0,0,0,,,0,0,0,,,,,0,0,,0,,0,,94
95,49.692139,-124.675841,0,0,,0,0,0,,0,0,0,0,,,0,0,0,,,,,0,0,,0,,0,,95
96,49.795595,-124.02032,0,0,,0,0,0,,0,0,0,0,,,0,0,0,,,,,0,0,,0,,0,,96
97,49.917311,-125.017554,0,0,,0,0,0,,0,0,0,0,,,0,0,0,,,,,0,0,,0,,0,,97
98,49.891346,-124.995364,0,0,,0,0,0,,0,0,0,0,,,0,0,0,,,,,0,0,,0,,0,,98
99,50.009854,-124.945278,0,0,,0,0,0,,0,0,0,0,,,0,0,0,,,,,0,0,,0,,0,,99
100,49.863959,-124.616575,0,0,,0,0,0,,0,0,0,0,,,0,0,0,,,,,0,0,,0,,0,,100
101,49.875628,-124.627005,0,0,,0,0,0,,0,0,0,0,,,0,0,0,,,,,0,0,,0,,0,,101
102,50.355183,-124.697017,0,0,,0,0,0,,0,0,0,0,,,0,0,0,,,,,0,0,,0,,0,,102
103,50.41552,-124.60659,0,0,,0,0,0,,0,0,0,0,,,0,0,0,,,,,0,0,,0,,0,,103
104,50.416067,-124.599577,0,0,,0,0,0,,0,0,0,0,,,0,0,0,,,,,0,0,,0,,0,,104
105,50.414682,-124.585885,0,0,,0,0,0,,0,0,0,0,,,0,0,0,,,,,0,0,,0,,0,,105
106,50.436862,-124.50917,0,0,,0,0,0,,0,0,0,0,,,0,0,0,,,,,0,0,,0,,0,,106
107,50.444459,-124.477652,0,0,,0,0,0,,0,0,0,0,,,0,0,0,,,,,0,0,,0,,0,,107
108,50.402166,-124.55949,0,0,,0,0,0,,0,0,0,0,,,0,0,0,,,,,0,0,,0,,0,,108
109,50.241585,-125.014966,0,0,,0,0,0,,0,0,0,0,,,0,0,0,,,,,0,0,,0,,0,,109
110,49.614142,-124.846812,0,0,,0,0,0,,0,0,0,0,,,0,0,0,,,,,0,0,,0,,0,,110
111,50.185189,-123.93293,0,0,,0,0,0,,0,0,0,0,,,0,0,0,,,,,0,0,,0,,0,,111
112,50.138024,-123.82111,0,0,,0,0,0,,0,0,0,0,,,0,0,0,,,,,0,0,,0,,0,,112
113,49.910781,-123.954892,0,0,,0,0,0,,0,0,0,0,,,0,0,0,,,,,0,0,,0,,0,,113
114,49.929376,-123.96133,0,0,,0,0,0,,0,0,0,0,,,0,0,0,,,,,0,0,,0,,0,,114
115,50.422549,-124.660678,0,0,,0,0,0,,0,0,0,0,,,0,0,0,,,,,0,0,,0,,0,,115
116,50.265829,-124.993259,0,0,,0,0,0,,0,0,0,0,,,0,0,0,,,,,0,0,,0,,0,,116
117,49.868484,-124.620355,0,0,,0,0,0,,0,0,0,0,,,0,0,0,,,,,0,0,,0,,0,,117
118,49.832606,-124.678005,0,0,,0,0,0,,0,0,0,0,,,0,0,0,,,,,0,0,,0,,0,,118
119,49.833075,-124.668919,0,0,,0,0,0,,0,0,0,0,,,0,0,0,,,,,0,0,,0,,0,,119
120,49.828928,-124.641236,0,0,,0,0,0,,0,0,0,0,,,0,0,0,,,,,0,0,,0,,0,,120
121,49.691802,-124.55665,0,0,,0,0,0,,0,0,0,0,,,0,0,0,,,,,0,0,,0,,0,,121
122,49.699044,-124.566305,0,0,,0,0,0,,0,0,0,0,,,0,0,0,,,,,0,0,,0,,0,,122
123,49.349066,-124.060219,0,0,,0,0,0,,0,0,0,0,,,0,0,0,,,,,0,0,,0,,0,,123
124,49.345541,-124.021101,0,0,,0,0,0,,0,0,0,0,,,0,0,0,,,,,0,0,,0,,0,,124
125,50.006655,-124.950941,0,0,,0,0,0,,0,0,0,0,,,0,0,0,,,,,0,0,,0,,0,,125
126,50.001001,-124.961865,0,0,,0,0,0,,0,0,0,0,,,0,0,0,,,,,0,0,,0,,0,,126
127,49.994089,-124.966403,0,0,,0,0,0,,0,0,0,0,,,0,0,0,,,,,0,0,,0,,0,,127
128,49.177575,-123.881669,0,0,,0,0,0,,0,0,0,0,,,0,0,0,,,,,0,0,,0,,0,,128
129,50.4353,-125.064224,0,0,,0,0,0,,0,0,0,0,,,0,0,0,,,,,0,0,,0,,0,,129
130,50.224933,-124.639431,0,0,,0,0,0,,0,0,0,0,,,0,0,0,,,,,0,0,,0,,0,,130
131,50.210884,-124.639766,0,0,,0,0,0,,0,0,0,0,,,0,0,0,,,,,0,0,,0,,0,,131
132,49.87128,-123.882763,0,0,,0,0,0,,0,0,0,0,,,0,0,0,,,,,0,0,,0,,0,,132
133,49.033973,-125.155174,0,0,,0,0,0,,0,0,0,0,,,0,0,0,,,,,0,0,,0,,0,,133
134,49.060958,-124.848419,0,0,,0,0,0,,0,0,0,0,,,0,0,0,,,,,0,0,,0,,0,,134
135,50.091863,-123.763671,0,0,,0,0,0,,0,0,0,0,,,0,0,0,,,,,0,0,,0,,0,,135
136,50.304529,-124.892535,0,0,,0,0,0,,0,0,0,0,,,0,0,0,,,,,0,0,,0,,0,,136
137,50.303735,-124.887029,0,0,,0,0,0,,0,0,0,0,,,0,0,0,,,,,0,0,,0,,0,,137
138,50.103343,-125.171496,0,0,,0,0,0,,0,0,0,0,,,0,0,0,,,,,0,0,,0,,0,,138
139,49.761747,-124.421385,0,0,,0,0,0,,0,0,0,0,,,0,0,0,,,,,0,0,,0,,0,,139
140,49.763298,-124.438029,0,0,,0,0,0,,0,0,0,0,,,0,0,0,,,,,0,0,,0,,0,,140
141,49.757868,-124.399785,0,0,,0,0,0,,0,0,0,0,,,0,0,0,,,,,0,0,,0,,0,,141
142,50.186219,-123.965295,0,0,,0,0,0,,0,0,0,0,,,0,0,0,,,,,0,0,,0,,0,,142
143,50.137781,-123.851756,0,0,,0,0,0,,0,0,0,0,,,0,0,0,,,,,0,0,,0,,0,,143
144,49.943494,-123.970993,0,0,,0,0,0,,0,0,0,0,,,0,0,0,,,,,0,0,,0,,0,,144
145,49.378589,-123.507424,0,0,,0,0,0,,0,0,0,0,,,0,0,0,,,,,0,0,,0,,0,,145
146,49.340297,-123.44229,0,0,,0,0,0,,0,0,0,0,,,0,0,0,,,,,0,0,,0,,0,,146
147,49.37277,-123.53298,0,0,,0,0,0,,0,0,0,0,,,0,0,0,,,,,0,0,,0,,0,,147
148,49.376866,-123.528186,0,0,,0,0,0,,0,0,0,0,,,0,0,0,,,,,0,0,,0,,0,,148
149,49.391403,-123.496983,0,0,,0,0,0,,0,0,0,0,,,0,0,0,,,,,0,0,,0,,0,,149
150,49.412986,-123.438451,0,0,,0,0,0,,0,0,0,0,,,0,0,0,,,,,0,0,,0,,0,,150
151,49.393992,-123.398213,0,0,,0,0,0,,0,0,0,0,,,0,0,0,,,,,0,0,,0,,0,,151
152,50.25359,-124.618133,0,0,,0,0,0,,0,0,0,0,,,0,0,0,,,,,0,0,,0,,0,,152
153,50.582064,-124.9528,0,0,,0,0,0,,0,0,0,0,,,0,0,0,,,,,0,0,,0,,0,,153
154,50.671003,-124.91513,0,0,,0,0,0,,0,0,0,0,,,0,0,0,,,,,0,0,,0,,0,,154
155,50.695525,-124.907208,0,0,,0,0,0,,0,0,0,0,,,0,0,0,,,,,0,0,,0,,0,,155
156,50.699271,-124.90757,0,0,,0,0,0,,0,0,0,0,,,0,0,0,,,,,0,0,,0,,0,,156
157,50.704185,-124.905529,0,0,,0,0,0,,0,0,0,0,,,0,0,0,,,,,0,0,,0,,0,,157
158,50.710051,-124.902599,0,0,,0,0,0,,0,0,0,0,,,0,0,0,,,,,0,0,,0,,0,,158
159,50.759581,-124.943296,0,0,,0,0,0,,0,0,0,0,,,0,0,0,,,,,0,0,,0,,0,,159
160,50.770672,-124.942194,0,0,,0,0,0,,0,0,0,0,,,0,0,0,,,,,0,0,,0,,0,,160
161,50.798435,-124.973479,0,0,,0,0,0,,0,0,0,0,,,0,0,0,,,,,0,0,,0,,0,,161
162,50.810632,-124.972996,0,0,,0,0,0,,0,0,0,0,,,0,0,0,,,,,0,0,,0,,0,,162
163,50.818651,-124.967573,0,0,,0,0,0,,0,0,0,0,,,0,0,0,,,,,0,0,,0,,0,,163
164,50.831366,-124.913673,0,0,,0,0,0,,0,0,0,0,,,0,0,0,,,,,0,0,,0,,0,,164
165,50.834295,-124.907833,0,0,,0,0,0,,0,0,0,0,,,0,0,0,,,,,0,0,,0,,0,,165
166,50.842571,-124.90659,0,0,,0,0,0,,0,0,0,0,,,0,0,0,,,,,0,0,,0,,0,,166
167,50.84567,-124.897636,0,0,,0,0,0,,0,0,0,0,,,0,0,0,,,,,0,0,,0,,0,,167
168,50.844738,-124.900553,0,0,,0,0,0,,0,0,0,0,,,0,0,0,,,,,0,0,,0,,0,,168
169,50.85522,-124.890029,0,0,,0,0,0,,0,0,0,0,,,0,0,0,,,,,0,0,,0,,0,,169
170,50.857818,-124.893041,0,0,,0,0,0,,0,0,0,0,,,0,0,0,,,,,0,0,,0,,0,,170
171,50.864087,-124.892429,0,0,,0,0,0,,0,0,0,0,,,0,0,0,,,,,0,0,,0,,0,,171
172,50.884812,-124.872,0,0,,0,0,0,,0,0,0,0,,,0,0,0,,,,,0,0,,0,,0,,172
209,50.89553,-124.856715,0,0,,0,0,0,,0,0,0,0,,,0,0,0,,,,,0,0,,0,,0,,173
210,50.893802,-124.861233,0,0,,0,0,0,,0,0,0,0,,,0,0,0,,,,,0,0,,0,,0,,174
211,50.912987,-124.848955,0,0,,0,0,0,,0,0,0,0,,,0,0,0,,,,,0,0,,0,,0,,175
212,50.862302,-124.847177,0,0,,0,0,0,,0,0,0,0,,,0,0,0,,,,,0,0,,0,,0,,176
213,50.826054,-124.869707,0,0,,0,0,0,,0,0,0,0,,,0,0,0,,,,,0,0,,0,,0,,177
214,50.757249,-124.870514,0,0,,0,0,0,,0,0,0,0,,,0,0,0,,,,,0,0,,0,,0,,178
215,50.740286,-124.850034,0,0,,0,0,0,,0,0,0,0,,,0,0,0,,,,,0,0,,0,,0,,179
216,50.732326,-124.83919,0,0,,0,0,0,,0,0,0,0,,,0,0,0,,,,,0,0,,0,,0,,180
217,50.714293,-124.843306,0,0,,0,0,0,,0,0,0,0,,,0,0,0,,,,,0,0,,0,,0,,181
218,50.667379,-124.862768,0,0,,0,0,0,,0,0,0,0,,,0,0,0,,,,,0,0,,0,,0,,182
219,50.662622,-124.86722,0,0,,0,0,0,,0,0,0,0,,,0,0,0,,,,,0,0,,0,,0,,183
220,50.576991,-124.880382,0,0,,0,0,0,,0,0,0,0,,,0,0,0,,,,,0,0,,0,,0,,184
221,50.505535,-124.976896,0,0,,0,0,0,,0,0,0,0,,,0,0,0,,,,,0,0,,0,,0,,185
222,50.511895,-125.027669,0,0,,0,0,0,,0,0,0,0,,,0,0,0,,,,,0,0,,0,,0,,186
223,50.397206,-125.095959,0,0,,0,0,0,,0,0,0,0,,,0,0,0,,,,,0,0,,0,,0,,187
224,50.390673,-125.08222,0,0,,0,0,0,,0,0,0,0,,,0,0,0,,,,,0,0,,0,,0,,188
225,50.385364,-125.063449,0,0,,0,0,0,,0,0,0,0,,,0,0,0,,,,,0,0,,0,,0,,189
226,50.397543,-125.063579,0,0,,0,0,0,,0,0,0,0,,,0,0,0,,,,,0,0,,0,,0,,190
227,50.361082,-124.97411,0,0,,0,0,0,,0,0,0,0,,,0,0,0,,,,,0,0,,0,,0,,191
228,50.371408,-124.96638,0,0,,0,0,0,,0,0,0,0,,,0,0,0,,,,,0,0,,0,,0,,192
229,50.374695,-124.963663,0,0,,0,0,0,,0,0,0,0,,,0,0,0,,,,,0,0,,0,,0,,193
230,50.400219,-124.973384,0,0,,0,0,0,,0,0,0,0,,,0,0,0,,,,,0,0,,0,,0,,194
231,50.405021,-124.975234,0,0,,0,0,0,,0,0,0,0,,,0,0,0,,,,,0,0,,0,,0,,195
232,50.424438,-124.984123,0,0,,0,0,0,,0,0,0,0,,,0,0,0,,,,,0,0,,0,,0,,196
233,50.437869,-125.004366,0,0,,0,0,0,,0,0,0,0,,,0,0,0,,,,,0,0,,0,,0,,197
234,50.335636,-124.965049,0,0,,0,0,0,,0,0,0,0,,,0,0,0,,,,,0,0,,0,,0,,198
235,50.289821,-124.851867,0,0,,0,0,0,,0,0,0,0,,,0,0,0,,,,,0,0,,0,,0,,199
236,50.242808,-124.638504,0,0,,0,0,0,,0,0,0,0,,,0,0,0,,,,,0,0,,0,,0,,200
237,50.259663,-124.646303,0,0,,0,0,0,,0,0,0,0,,,0,0,0,,,,,0,0,,0,,0,,201
238,50.312776,-124.699194,0,0,,0,0,0,,0,0,0,0,,,0,0,0,,,,,0,0,,0,,0,,202
239,50.206348,-124.629513,0,0,,0,0,0,,0,0,0,0,,,0,0,0,,,,,0,0,,0,,0,,203
240,50.212962,-124.624517,0,0,,0,0,0,,0,0,0,0,,,0,0,0,,,,,0,0,,0,,0,,204
241,50.22291,-124.625377,0,0,,0,0,0,,0,0,0,0,,,0,0,0,,,,,0,0,,0,,0,,205
242,50.2439,-124.622679,0,0,,0,0,0,,0,0,0,0,,,0,0,0,,,,,0,0,,0,,0,,206
243,50.235941,-124.633606,0,0,,0,0,0,,0,0,0,0,,,0,0,0,,,,,0,0,,0,,0,,207
244,50.27235,-124.650947,0,0,,0,0,0,,0,0,0,0,,,0,0,0,,,,,0,0,,0,,0,,208
245,50.288653,-124.66892,0,0,,0,0,0,,0,0,0,0,,,0,0,0,,,,,0,0,,0,,0,,209
246,50.282399,-124.63718,0,0,,0,0,0,,0,0,0,0,,,0,0,0,,,,,0,0,,0,,0,,210
247,50.290141,-124.644699,0,0,,0,0,0,,0,0,0,0,,,0,0,0,,,,,0,0,,0,,0,,211
248,50.316245,-124.711331,0,0,,0,0,0,,0,0,0,0,,,0,0,0,,,,,0,0,,0,,0,,212
249,50.174046,-125.011666,0,0,,0,0,0,,0,0,0,0,,,0,0,0,,,,,0,0,,0,,0,,213
250,49.661752,-123.247559,0,0,,0,0,0,,0,0,0,0,,,0,0,0,,,,,0,0,,0,,0,,214
251,49.578903,-123.314579,0,0,,0,0,0,,0,0,0,0,,,0,0,0,,,,,0,0,,0,,0,,215
252,49.595271,-123.255405,0,0,,0,0,0,,0,0,0,0,,,0,0,0,,,,,0,0,,0,,0,,216
253,49.556626,-123.383618,0,0,,0,0,0,,0,0,0,0,,,0,0,0,,,,,0,0,,0,,0,,217
254,49.544977,-123.414886,0,0,,0,0,0,,0,0,0,0,,,0,0,0,,,,,0,0,,0,,0,,218
255,50.105032,-123.822405,0,0,,0,0,0,,0,0,0,0,,,0,0,0,,,,,0,0,,0,,0,,219
256,50.121711,-123.838298,0,0,,0,0,0,,0,0,0,0,,,0,0,0,,,,,0,0,,0,,0,,220
257,48.9958,-125.14152,0,0,,0,0,0,,0,0,0,0,,,0,0,0,,,,,0,0,,0,,0,,221
258,50.227483,-125.034576,0,0,,0,0,0,,0,0,0,0,,,0,0,0,,,,,0,0,,0,,0,,222
259,50.545026,-124.983393,0,0,,0,0,0,,0,0,0,0,,,0,0,0,,,,,0,0,,0,,0,,223
260,50.555063,-124.983988,0,0,,0,0,0,,0,0,0,0,,,0,0,0,,,,,0,0,,0,,0,,224
261,50.56722,-124.979364,0,0,,0,0,0,,0,0,0,0,,,0,0,0,,,,,0,0,,0,,0,,225
262,50.030345,-125.144894,0,0,,0,0,0,,0,0,0,0,,,0,0,0,,,,,0,0,,0,,0,,226
263,50.777576,-124.931605,0,0,,0,0,0,,0,0,0,0,,,0,0,0,,,,,0,0,,0,,0,,227
264,50.822613,-124.938554,0,0,,0,0,0,,0,0,0,0,,,0,0,0,,,,,0,0,,0,,0,,228
265,50.849255,-124.851559,0,0,,0,0,0,,0,0,0,0,,,0,0,0,,,,,0,0,,0,,0,,229
266,50.85616,-124.84872,0,0,,0,0,0,,0,0,0,0,,,0,0,0,,,,,0,0,,0,,0,,230
267,50.845997,-124.850987,0,0,,0,0,0,,0,0,0,0,,,0,0,0,,,,,0,0,,0,,0,,231
268,50.874355,-124.835016,0,0,,0,0,0,,0,0,0,0,,,0,0,0,,,,,0,0,,0,,0,,232
269,50.870405,-124.844128,0,0,,0,0,0,,0,0,0,0,,,0,0,0,,,,,0,0,,0,,0,,233
270,50.837959,-124.85883,0,0,,0,0,0,,0,0,0,0,,,0,0,0,,,,,0,0,,0,,0,,234
271,50.834215,-124.863834,0,0,,0,0,0,,0,0,0,0,,,0,0,0,,,,,0,0,,0,,0,,235
272,50.832488,-124.865739,0,0,,0,0,0,,0,0,0,0,,,0,0,0,,,,,0,0,,0,,0,,236
273,50.590421,-124.883468,0,0,,0,0,0,,0,0,0,0,,,0,0,0,,,,,0,0,,0,,0,,237
274,50.654309,-124.908486,0,0,,0,0,0,,0,0,0,0,,,0,0,0,,,,,0,0,,0,,0,,238
275,50.684606,-124.903807,0,0,,0,0,0,,0,0,0,0,,,0,0,0,,,,,0,0,,0,,0,,239
276,50.705093,-124.845353,0,0,,0,0,0,,0,0,0,0,,,0,0,0,,,,,0,0,,0,,0,,240
277,50.68747,-124.869665,0,0,,0,0,0,,0,0,0,0,,,0,0,0,,,,,0,0,,0,,0,,241
278,50.855303,-124.853469,0,0,,0,0,0,,0,0,0,0,,,0,0,0,,,,,0,0,,0,,0,,242
279,50.852856,-124.849547,0,0,,0,0,0,,0,0,0,0,,,0,0,0,,,,,0,0,,0,,0,,243
280,50.858783,-124.847507,0,0,,0,0,0,,0,0,0,0,,,0,0,0,,,,,0,0,,0,,0,,244
281,50.565874,-124.890602,0,0,,0,0,0,,0,0,0,0,,,0,0,0,,,,,0,0,,0,,0,,245
282,50.534198,-124.946159,0,0,,0,0,0,,0,0,0,0,,,0,0,0,,,,,0,0,,0,,0,,246
283,50.071656,-125.086021,0,0,,0,0,0,,0,0,0,0,,,0,0,0,,,,,0,0,,0,,0,,247
284,50.111333,-125.188774,0,0,,0,0,0,,0,0,0,0,,,0,0,0,,,,,0,0,,0,,0,,248
285,50.107074,-125.183099,0,0,,0,0,0,,0,0,0,0,,,0,0,0,,,,,0,0,,0,,0,,249
286,50.105978,-125.178823,0,0,,0,0,0,,0,0,0,0,,,0,0,0,,,,,0,0,,0,,0,,250
287,50.096292,-125.168031,0,0,,0,0,0,,0,0,0,0,,,0,0,0,,,,,0,0,,0,,0,,251
288,49.788098,-124.502826,0,0,,0,0,0,,0,0,0,0,,,0,0,0,,,,,0,0,,0,,0,,252
289,49.421192,-123.241209,0,0,,0,0,0,,0,0,0,0,,,0,0,0,,,,,0,0,,0,,0,,253
290,49.395464,-123.263984,0,0,,0,0,0,,0,0,0,0,,,0,0,0,,,,,0,0,,0,,0,,254
291,49.516177,-123.265805,0,0,,0,0,0,,0,0,0,0,,,0,0,0,,,,,0,0,,0,,0,,255
292,49.52183,-123.264673,0,0,,0,0,0,,0,0,0,0,,,0,0,0,,,,,0,0,,0,,0,,256
293,49.500301,-123.255291,0,0,,0,0,0,,0,0,0,0,,,0,0,0,,,,,0,0,,0,,0,,257
294,49.535006,-123.258009,0,0,,0,0,0,,0,0,0,0,,,0,0,0,,,,,0,0,,0,,0,,258
295,49.525787,-123.263522,0,0,,0,0,0,,0,0,0,0,,,0,0,0,,,,,0,0,,0,,0,,259
296,49.479295,-123.251044,0,0,,0,0,0,,0,0,0,0,,,0,0,0,,,,,0,0,,0,,0,,260
297,49.488536,-123.25173,0,0,,0,0,0,,0,0,0,0,,,0,0,0,,,,,0,0,,0,,0,,261
298,49.622431,-123.222414,0,0,,0,0,0,,0,0,0,0,,,0,0,0,,,,,0,0,,0,,0,,262
299,49.673798,-123.184286,0,0,,0,0,0,,0,0,0,0,,,0,0,0,,,,,0,0,,0,,0,,263
300,49.658961,-123.213153,0,0,,0,0,0,,0,0,0,0,,,0,0,0,,,,,0,0,,0,,0,,264
301,49.570962,-123.267218,0,0,,0,0,0,,0,0,0,0,,,0,0,0,,,,,0,0,,0,,0,,265
302,49.563158,-123.26129,0,0,,0,0,0,,0,0,0,0,,,0,0,0,,,,,0,0,,0,,0,,266
303,49.567015,-123.25479,0,0,,0,0,0,,0,0,0,0,,,0,0,0,,,,,0,0,,0,,0,,267
304,49.555228,-123.309923,0,0,,0,0,0,,0,0,0,0,,,0,0,0,,,,,0,0,,0,,0,,268
305,49.453661,-123.463174,0,0,,0,0,0,,0,0,0,0,,,0,0,0,,,,,0,0,,0,,0,,269
306,49.450255,-123.462957,0,0,,0,0,0,,0,0,0,0,,,0,0,0,,,,,0,0,,0,,0,,270
307,49.458777,-123.467408,0,0,,0,0,0,,0,0,0,0,,,0,0,0,,,,,0,0,,0,,0,,271
308,49.494232,-123.450495,0,0,,0,0,0,,0,0,0,0,,,0,0,0,,,,,0,0,,0,,0,,272
309,49.573576,-123.242898,0,0,,0,0,0,,0,0,0,0,,,0,0,0,,,,,0,0,,0,,0,,273
310,49.814094,-123.912525,0,0,,0,0,0,,0,0,0,0,,,0,0,0,,,,,0,0,,0,,0,,274
311,49.827546,-123.897111,0,0,,0,0,0,,0,0,0,0,,,0,0,0,,,,,0,0,,0,,0,,275
312,50.004427,-123.944587,0,0,,0,0,0,,0,0,0,0,,,0,0,0,,,,,0,0,,0,,0,,276
313,49.515897,-123.481356,0,0,,0,0,0,,0,0,0,0,,,0,0,0,,,,,0,0,,0,,0,,277
314,49.529703,-123.460501,0,0,,0,0,0,,0,0,0,0,,,0,0,0,,,,,0,0,,0,,0,,278
315,49.492085,-123.46976,0,0,,0,0,0,,0,0,0,0,,,0,0,0,,,,,0,0,,0,,0,,279
316,49.470945,-123.476084,0,0,,0,0,0,,0,0,0,0,,,0,0,0,,,,,0,0,,0,,0,,280
317,49.469218,-123.460482,0,0,,0,0,0,,0,0,0,0,,,0,0,0,,,,,0,0,,0,,0,,281
318,49.459488,-123.454465,0,0,,0,0,0,,0,0,0,0,,,0,0,0,,,,,0,0,,0,,0,,282
319,49.43032,-123.469105,0,0,,0,0,0,,0,0,0,0,,,0,0,0,,,,,0,0,,0,,0,,283
320,49.536269,-123.446556,0,0,,0,0,0,,0,0,0,0,,,0,0,0,,,,,0,0,,0,,0,,284
321,49.646414,-123.257273,0,0,,0,0,0,,0,0,0,0,,,0,0,0,,,,,0,0,,0,,0,,285
322,49.644202,-123.256588,0,0,,0,0,0,,0,0,0,0,,,0,0,0,,,,,0,0,,0,,0,,286
323,49.643115,-123.255924,0,0,,0,0,0,,0,0,0,0,,,0,0,0,,,,,0,0,,0,,0,,287
324,49.509113,-123.336607,0,0,,0,0,0,,0,0,0,0,,,0,0,0,,,,,0,0,,0,,0,,288
325,49.520563,-123.278843,0,0,,0,0,0,,0,0,0,0,,,0,0,0,,,,,0,0,,0,,0,,289
326,49.542992,-123.286798,0,0,,0,0,0,,0,0,0,0,,,0,0,0,,,,,0,0,,0,,0,,290
327,49.545742,-123.290915,0,0,,0,0,0,,0,0,0,0,,,0,0,0,,,,,0,0,,0,,0,,291
328,49.880988,-124.058761,0,0,,0,0,0,,0,0,0,0,,,0,0,0,,,,,0,0,,0,,0,,292
329,49.907106,-124.045678,0,0,,0,0,0,,0,0,0,0,,,0,0,0,,,,,0,0,,0,,0,,293
330,49.909899,-124.044402,0,0,,0,0,0,,0,0,0,0,,,0,0,0,,,,,0,0,,0,,0,,294
331,49.913536,-124.043232,0,0,,0,0,0,,0,0,0,0,,,0,0,0,,,,,0,0,,0,,0,,295
332,49.907411,-124.021875,0,0,,0,0,0,,0,0,0,0,,,0,0,0,,,,,0,0,,0,,0,,296
333,49.989484,-123.998039,0,0,,0,0,0,,0,0,0,0,,,0,0,0,,,,,0,0,,0,,0,,297
334,49.031366,-125.155254,0,0,,0,0,0,,0,0,0,0,,,0,0,0,,,,,0,0,,0,,0,,298
335,49.02458,-125.158051,0,0,,0,0,0,,0,0,0,0,,,0,0,0,,,,,0,0,,0,,0,,299
336,48.983635,-124.948854,0,0,,0,0,0,,0,0,0,0,,,0,0,0,,,,,0,0,,0,,0,,300
337,48.989682,-124.899307,0,0,,0,0,0,,0,0,0,0,,,0,0,0,,,,,0,0,,0,,0,,301
338,48.993105,-124.887096,0,0,,0,0,0,,0,0,0,0,,,0,0,0,,,,,0,0,,0,,0,,302
339,49.004306,-124.881569,0,0,,0,0,0,,0,0,0,0,,,0,0,0,,,,,0,0,,0,,0,,303
340,49.007955,-124.863983,0,0,,0,0,0,,0,0,0,0,,,0,0,0,,,,,0,0,,0,,0,,304
341,49.018693,-124.867438,0,0,,0,0,0,,0,0,0,0,,,0,0,0,,,,,0,0,,0,,0,,305
342,49.08092,-125.168265,0,0,,0,0,0,,0,0,0,0,,,0,0,0,,,,,0,0,,0,,0,,306
343,50.002223,-123.981819,0,0,,0,0,0,,0,0,0,0,,,0,0,0,,,,,0,0,,0,,0,,307
344,50.01007,-123.971437,0,0,,0,0,0,,0,0,0,0,,,0,0,0,,,,,0,0,,0,,0,,308
345,50.014093,-123.956909,0,0,,0,0,0,,0,0,0,0,,,0,0,0,,,,,0,0,,0,,0,,309
346,50.021326,-123.920492,0,0,,0,0,0,,0,0,0,0,,,0,0,0,,,,,0,0,,0,,0,,310
347,50.031332,-123.894327,0,0,,0,0,0,,0,0,0,0,,,0,0,0,,,,,0,0,,0,,0,,311
348,50.009842,-123.90801,0,0,,0,0,0,,0,0,0,0,,,0,0,0,,,,,0,0,,0,,0,,312
349,50.044496,-123.813399,0,0,,0,0,0,,0,0,0,0,,,0,0,0,,,,,0,0,,0,,0,,313
350,50.081554,-123.778922,0,0,,0,0,0,,0,0,0,0,,,0,0,0,,,,,0,0,,0,,0,,314
351,50.078022,-123.809877,0,0,,0,0,0,,0,0,0,0,,,0,0,0,,,,,0,0,,0,,0,,315
352,50.206148,-123.977885,0,0,,0,0,0,,0,0,0,0,,,0,0,0,,,,,0,0,,0,,0,,316
353,50.182325,-123.953944,0,0,,0,0,0,,0,0,0,0,,,0,0,0,,,,,0,0,,0,,0,,317
354,49.894596,-123.88981,0,0,,0,0,0,,0,0,0,0,,,0,0,0,,,,,0,0,,0,,0,,318
355,49.026532,-124.861143,0,0,,0,0,0,,0,0,0,0,,,0,0,0,,,,,0,0,,0,,0,,319
356,49.029387,-124.861505,0,0,,0,0,0,,0,0,0,0,,,0,0,0,,,,,0,0,,0,,0,,320
357,49.034941,-124.860154,0,0,,0,0,0,,0,0,0,0,,,0,0,0,,,,,0,0,,0,,0,,321
358,49.038324,-124.849753,0,0,,0,0,0,,0,0,0,0,,,0,0,0,,,,,0,0,,0,,0,,322
359,49.05962,-124.862064,0,0,,0,0,0,,0,0,0,0,,,0,0,0,,,,,0,0,,0,,0,,323
360,49.078531,-124.842625,0,0,,0,0,0,,0,0,0,0,,,0,0,0,,,,,0,0,,0,,0,,324
361,49.105127,-124.82418,0,0,,0,0,0,,0,0,0,0,,,0,0,0,,,,,0,0,,0,,0,,325
362,49.132826,-124.811752,0,0,,0,0,0,,0,0,0,0,,,0,0,0,,,,,0,0,,0,,0,,326
363,49.140926,-124.809718,0,0,,0,0,0,,0,0,0,0,,,0,0,0,,,,,0,0,,0,,0,,327
364,49.139403,-124.796279,0,0,,0,0,0,,0,0,0,0,,,0,0,0,,,,,0,0,,0,,0,,328
365,49.152231,-124.798455,0,0,,0,0,0,,0,0,0,0,,,0,0,0,,,,,0,0,,0,,0,,329
366,49.182076,-124.821271,0,0,,0,0,0,,0,0,0,0,,,0,0,0,,,,,0,0,,0,,0,,330
367,49.216205,-124.818508,0,0,,0,0,0,,0,0,0,0,,,0,0,0,,,,,0,0,,0,,0,,331
368,48.527894,-124.541291,0,0,,0,0,0,,0,0,0,0,,,0,0,0,,,,,0,0,,0,,0,,332
369,48.529147,-124.534336,0,0,,0,0,0,,0,0,0,0,,,0,0,0,,,,,0,0,,0,,0,,333
370,48.529062,-124.549187,0,0,,0,0,0,,0,0,0,0,,,0,0,0,,,,,0,0,,0,,0,,334
371,48.468048,-124.336212,0,0,,0,0,0,,0,0,0,0,,,0,0,0,,,,,0,0,,0,,0,,335
372,48.466979,-124.333236,0,0,,0,0,0,,0,0,0,0,,,0,0,0,,,,,0,0,,0,,0,,336
373,48.464151,-124.317408,0,0,,0,0,0,,0,0,0,0,,,0,0,0,,,,,0,0,,0,,0,,337
374,48.471155,-124.340701,0,0,,0,0,0,,0,0,0,0,,,0,0,0,,,,,0,0,,0,,0,,338
375,48.444,-124.286303,0,0,,0,0,0,,0,0,0,0,,,0,0,0,,,,,0,0,,0,,0,,339
376,48.438507,-124.261983,0,0,,0,0,0,,0,0,0,0,,,0,0,0,,,,,0,0,,0,,0,,340
382,48.433009,-124.204165,0,0,,0,0,0,,0,0,0,0,,,0,0,0,,,,,0,0,,0,,0,,341
383,48.390126,-124.069007,0,0,,0,0,0,,0,0,0,0,,,0,0,0,,,,,0,0,,0,,0,,342
384,48.386788,-124.058147,0,0,,0,0,0,,0,0,0,0,,,0,0,0,,,,,0,0,,0,,0,,343
385,48.381786,-123.999941,0,0,,0,0,0,,0,0,0,0,,,0,0,0,,,,,0,0,,0,,0,,344
386,48.384116,-124.026602,0,0,,0,0,0,,0,0,0,0,,,0,0,0,,,,,0,0,,0,,0,,345
387,48.370865,-123.923849,0,0,,0,0,0,,0,0,0,0,,,0,0,0,,,,,0,0,,0,,0,,346
173,48.366577,-123.909038,0,0,,0,0,0,,0,0,0,0,,,0,0,0,,,,,0,0,,0,,0,,347
174,48.360086,-123.870288,0,0,,0,0,0,,0,0,0,0,,,0,0,0,,,,,0,0,,0,,0,,348
175,48.326421,-123.730955,0,0,,0,0,0,,0,0,0,0,,,0,0,0,,,,,0,0,,0,,0,,349
176,48.333951,-123.75433,0,0,,0,0,0,,0,0,0,0,,,0,0,0,,,,,0,0,,0,,0,,350
177,48.529784,-123.54555,0,0,,0,0,0,,0,0,0,0,,,0,0,0,,,,,0,0,,0,,0,,351
178,48.544056,-123.55411,0,0,,0,0,0,,0,0,0,0,,,0,0,0,,,,,0,0,,0,,0,,352
179,48.573106,-123.510573,0,0,,0,0,0,,0,0,0,0,,,0,0,0,,,,,0,0,,0,,0,,353
180,48.577958,-123.514462,0,0,,0,0,0,,0,0,0,0,,,0,0,0,,,,,0,0,,0,,0,,354
181,48.584078,-123.51778,0,0,,0,0,0,,0,0,0,0,,,0,0,0,,,,,0,0,,0,,0,,355
182,48.588659,-123.51773,0,0,,0,0,0,,0,0,0,0,,,0,0,0,,,,,0,0,,0,,0,,356
183,48.594672,-123.516932,0,0,,0,0,0,,0,0,0,0,,,0,0,0,,,,,0,0,,0,,0,,357
184,48.600883,-123.512808,0,0,,0,0,0,,0,0,0,0,,,0,0,0,,,,,0,0,,0,,0,,358
185,48.610946,-123.510591,0,0,,0,0,0,,0,0,0,0,,,0,0,0,,,,,0,0,,0,,0,,359
186,48.621674,-123.512493,0,0,,0,0,0,,0,0,0,0,,,0,0,0,,,,,0,0,,0,,0,,360
187,48.618282,-123.510279,0,0,,0,0,0,,0,0,0,0,,,0,0,0,,,,,0,0,,0,,0,,361
188,48.625582,-123.514493,0,0,,0,0,0,,0,0,0,0,,,0,0,0,,,,,0,0,,0,,0,,362
189,48.634701,-123.517576,0,0,,0,0,0,,0,0,0,0,,,0,0,0,,,,,0,0,,0,,0,,363
190,48.644107,-123.522176,0,0,,0,0,0,,0,0,0,0,,,0,0,0,,,,,0,0,,0,,0,,364
191,48.669513,-123.499541,0,0,,0,0,0,,0,0,0,0,,,0,0,0,,,,,0,0,,0,,0,,365
192,48.663693,-123.496654,0,0,,0,0,0,,0,0,0,0,,,0,0,0,,,,,0,0,,0,,0,,366
193,48.658461,-123.496559,0,0,,0,0,0,,0,0,0,0,,,0,0,0,,,,,0,0,,0,,0,,367
388,48.567421,-123.50025,0,0,,0,0,0,,0,0,0,0,,,0,0,0,,,,,0,0,,0,,0,,368
389,48.569183,-123.49899,0,0,,0,0,0,,0,0,0,0,,,0,0,0,,,,,0,0,,0,,0,,369
390,48.556062,-123.51004,0,0,,0,0,0,,0,0,0,0,,,0,0,0,,,,,0,0,,0,,0,,370
391,48.604451,-123.490437,0,0,,0,0,0,,0,0,0,0,,,0,0,0,,,,,0,0,,0,,0,,371
392,48.617158,-123.490036,0,0,,0,0,0,,0,0,0,0,,,0,0,0,,,,,0,0,,0,,0,,372
393,48.613384,-123.490875,0,0,,0,0,0,,0,0,0,0,,,0,0,0,,,,,0,0,,0,,0,,373
394,48.622553,-123.491616,0,0,,0,0,0,,0,0,0,0,,,0,0,0,,,,,0,0,,0,,0,,374
395,48.621296,-123.491472,0,0,,0,0,0,,0,0,0,0,,,0,0,0,,,,,0,0,,0,,0,,375
396,48.594256,-123.495105,0,0,,0,0,0,,0,0,0,0,,,0,0,0,,,,,0,0,,0,,0,,376
397,48.596108,-123.494339,0,0,,0,0,0,,0,0,0,0,,,0,0,0,,,,,0,0,,0,,0,,377
398,48.591424,-123.494778,0,0,,0,0,0,,0,0,0,0,,,0,0,0,,,,,0,0,,0,,0,,378
399,48.589888,-123.493715,0,0,,0,0,0,,0,0,0,0,,,0,0,0,,,,,0,0,,0,,0,,379
400,48.588081,-123.493317,0,0,,0,0,0,,0,0,0,0,,,0,0,0,,,,,0,0,,0,,0,,380
401,48.57997,-123.493753,0,0,,0,0,0,,0,0,0,0,,,0,0,0,,,,,0,0,,0,,0,,381
402,48.582995,-123.492489,0,0,,0,0,0,,0,0,0,0,,,0,0,0,,,,,0,0,,0,,0,,382
403,48.599407,-123.493152,0,0,,0,0,0,,0,0,0,0,,,0,0,0,,,,,0,0,,0,,0,,383
404,48.602533,-123.492358,0,0,,0,0,0,,0,0,0,0,,,0,0,0,,,,,0,0,,0,,0,,384
405,48.660682,-123.520755,0,0,,0,0,0,,0,0,0,0,,,0,0,0,,,,,0,0,,0,,0,,385
406,48.644175,-123.532136,0,0,,0,0,0,,0,0,0,0,,,0,0,0,,,,,0,0,,0,,0,,386
407,48.634213,-123.525768,0,0,,0,0,0,,0,0,0,0,,,0,0,0,,,,,0,0,,0,,0,,387
408,48.641303,-123.532422,0,0,,0,0,0,,0,0,0,0,,,0,0,0,,,,,0,0,,0,,0,,388
409,48.627252,-123.521742,0,0,,0,0,0,,0,0,0,0,,,0,0,0,,,,,0,0,,0,,0,,389
410,48.630519,-123.523998,0,0,,0,0,0,,0,0,0,0,,,0,0,0,,,,,0,0,,0,,0,,390
411,48.552144,-123.552418,0,0,,0,0,0,,0,0,0,0,,,0,0,0,,,,,0,0,,0,,0,,391
412,48.550339,-123.553947,0,0,,0,0,0,,0,0,0,0,,,0,0,0,,,,,0,0,,0,,0,,392
413,49.072517,-125.154858,0,0,,0,0,0,,0,0,0,0,,,0,0,0,,,,,0,0,,0,,0,,393
414,49.073901,-125.159752,0,0,,0,0,0,,0,0,0,0,,,0,0,0,,,,,0,0,,0,,0,,394
415,49.072529,-125.163104,0,0,,0,0,0,,0,0,0,0,,,0,0,0,,,,,0,0,,0,,0,,395
416,49.064372,-125.150481,0,0,,0,0,0,,0,0,0,0,,,0,0,0,,,,,0,0,,0,,0,,396
417,49.067629,-125.150819,0,0,,0,0,0,,0,0,0,0,,,0,0,0,,,,,0,0,,0,,0,,397
418,49.070142,-125.152388,0,0,,0,0,0,,0,0,0,0,,,0,0,0,,,,,0,0,,0,,0,,398
419,49.066498,-125.154991,0,0,,0,0,0,,0,0,0,0,,,0,0,0,,,,,0,0,,0,,0,,399
420,49.052955,-125.14204,0,0,,0,0,0,,0,0,0,0,,,0,0,0,,,,,0,0,,0,,0,,400
421,49.058445,-125.146232,0,0,,0,0,0,,0,0,0,0,,,0,0,0,,,,,0,0,,0,,0,,401
422,49.090884,-125.191765,0,0,,0,0,0,,0,0,0,0,,,0,0,0,,,,,0,0,,0,,0,,402
423,49.088858,-125.186848,0,0,,0,0,0,,0,0,0,0,,,0,0,0,,,,,0,0,,0,,0,,403
424,49.048856,-125.16004,0,0,,0,0,0,,0,0,0,0,,,0,0,0,,,,,0,0,,0,,0,,404
425,49.040459,-125.143473,0,0,,0,0,0,,0,0,0,0,,,0,0,0,,,,,0,0,,0,,0,,405
426,49.045398,-125.146723,0,0,,0,0,0,,0,0,0,0,,,0,0,0,,,,,0,0,,0,,0,,406
427,49.04154,-125.15672,0,0,,0,0,0,,0,0,0,0,,,0,0,0,,,,,0,0,,0,,0,,407
428,49.0293,-125.15359,0,0,,0,0,0,,0,0,0,0,,,0,0,0,,,,,0,0,,0,,0,,408
429,50.205949,-124.94909,0,0,,0,0,0,,0,0,0,0,,,0,0,0,,,,,0,0,,0,,0,,409
430,50.22657,-124.967581,0,0,,0,0,0,,0,0,0,0,,,0,0,0,,,,,0,0,,0,,0,,410
431,50.304874,-124.959966,0,0,,0,0,0,,0,0,0,0,,,0,0,0,,,,,0,0,,0,,0,,411
432,50.346198,-124.988116,0,0,,0,0,0,,0,0,0,0,,,0,0,0,,,,,0,0,,0,,0,,412
433,50.250766,-124.987343,0,0,,0,0,0,,0,0,0,0,,,0,0,0,,,,,0,0,,0,,0,,413
434,50.243119,-124.983186,0,0,,0,0,0,,0,0,0,0,,,0,0,0,,,,,0,0,,0,,0,,414
435,50.243428,-125.000825,0,0,,0,0,0,,0,0,0,0,,,0,0,0,,,,,0,0,,0,,0,,415
436,50.241242,-124.990214,0,0,,0,0,0,,0,0,0,0,,,0,0,0,,,,,0,0,,0,,0,,416
437,50.182307,-124.903922,0,0,,0,0,0,,0,0,0,0,,,0,0,0,,,,,0,0,,0,,0,,417
438,50.17631,-124.89194,0,0,,0,0,0,,0,0,0,0,,,0,0,0,,,,,0,0,,0,,0,,418
439,50.177256,-124.877251,0,0,,0,0,0,,0,0,0,0,,,0,0,0,,,,,0,0,,0,,0,,419
440,50.283623,-124.952674,0,0,,0,0,0,,0,0,0,0,,,0,0,0,,,,,0,0,,0,,0,,420
441,50.156142,-124.689371,0,0,,0,0,0,,0,0,0,0,,,0,0,0,,,,,0,0,,0,,0,,421
442,50.169477,-124.682789,0,0,,0,0,0,,0,0,0,0,,,0,0,0,,,,,0,0,,0,,0,,422
443,50.117978,-124.89669,0,0,,0,0,0,,0,0,0,0,,,0,0,0,,,,,0,0,,0,,0,,423
444,50.10902,-124.890765,0,0,,0,0,0,,0,0,0,0,,,0,0,0,,,,,0,0,,0,,0,,424
445,49.963019,-124.849777,0,0,,0,0,0,,0,0,0,0,,,0,0,0,,,,,0,0,,0,,0,,425
446,49.958396,-124.786279,0,0,,0,0,0,,0,0,0,0,,,0,0,0,,,,,0,0,,0,,0,,426
447,49.950941,-124.756345,0,0,,0,0,0,,0,0,0,0,,,0,0,0,,,,,0,0,,0,,0,,427
448,49.702057,-124.565558,0,0,,0,0,0,,0,0,0,0,,,0,0,0,,,,,0,0,,0,,0,,428
449,49.676633,-124.526657,0,0,,0,0,0,,0,0,0,0,,,0,0,0,,,,,0,0,,0,,0,,429
450,49.275588,-124.006147,0,0,,0,0,0,,0,0,0,0,,,0,0,0,,,,,0,0,,0,,0,,430
451,49.195999,-123.799405,0,0,,0,0,0,,0,0,0,0,,,0,0,0,,,,,0,0,,0,,0,,431
452,48.850303,-123.589133,0,0,,0,0,0,,0,0,0,0,,,0,0,0,,,,,0,0,,0,,0,,432
453,48.853346,-123.598187,0,0,,0,0,0,,0,0,0,0,,,0,0,0,,,,,0,0,,0,,0,,433
454,48.815323,-123.60297,0,0,,0,0,0,,0,0,0,0,,,0,0,0,,,,,0,0,,0,,0,,434
455,49.59706,-123.229687,0,0,,0,0,0,,0,0,0,0,,,0,0,0,,,,,0,0,,0,,0,,435
456,48.525933,-123.541286,0,0,,0,0,0,,0,0,0,0,,,0,0,0,,,,,0,0,,0,,0,,436
457,48.517162,-123.536935,0,0,,0,0,0,,0,0,0,0,,,0,0,0,,,,,0,0,,0,,0,,437
458,48.522689,-123.536661,0,0,,0,0,0,,0,0,0,0,,,0,0,0,,,,,0,0,,0,,0,,438
459,48.506465,-123.550965,0,0,,0,0,0,,0,0,0,0,,,0,0,0,,,,,0,0,,0,,0,,439
460,48.557714,-123.532211,0,0,,0,0,0,,0,0,0,0,,,0,0,0,,,,,0,0,,0,,0,,440
461,48.569653,-123.509823,0,0,,0,0,0,,0,0,0,0,,,0,0,0,,,,,0,0,,0,,0,,441
462,49.52663,-124.55158,0,0,,0,0,0,,0,0,0,0,,,0,0,0,,,,,0,0,,0,,0,,442
463,49.302314,-123.679371,0,0,,0,0,0,,0,0,0,0,,,0,0,0,,,,,0,0,,0,,0,,443
464,49.305221,-123.684857,0,0,,0,0,0,,0,0,0,0,,,0,0,0,,,,,0,0,,0,,0,,444
465,49.300773,-123.675327,0,0,,0,0,0,,0,0,0,0,,,0,0,0,,,,,0,0,,0,,0,,445
466,49.303998,-123.645363,0,0,,0,0,0,,0,0,0,0,,,0,0,0,,,,,0,0,,0,,0,,446
467,49.312264,-123.661236,0,0,,0,0,0,,0,0,0,0,,,0,0,0,,,,,0,0,,0,,0,,447
468,49.301701,-123.580482,0,0,,0,0,0,,0,0,0,0,,,0,0,0,,,,,0,0,,0,,0,,448
469,49.295661,-123.56739,0,0,,0,0,0,,0,0,0,0,,,0,0,0,,,,,0,0,,0,,0,,449
470,49.289122,-123.560179,0,0,,0,0,0,,0,0,0,0,,,0,0,0,,,,,0,0,,0,,0,,450
471,49.284701,-123.551087,0,0,,0,0,0,,0,0,0,0,,,0,0,0,,,,,0,0,,0,,0,,451
472,48.514457,-124.874096,0,0,,0,0,0,,0,0,0,0,,,0,0,0,,,,,0,0,,0,,0,,452
473,48.502995,-124.861057,0,0,,0,0,0,,0,0,0,0,,,0,0,0,,,,,0,0,,0,,0,,453
474,49.669532,-124.069605,0,0,,0,0,0,,0,0,0,0,,,0,0,0,,,,,0,0,,0,,0,,454
475,50.413217,-124.51348,0,0,,0,0,0,,0,0,0,0,,,0,0,0,,,,,0,0,,0,,0,,455
476,50.428832,-124.474328,0,0,,0,0,0,,0,0,0,0,,,0,0,0,,,,,0,0,,0,,0,,456
477,50.429608,-124.467259,0,0,,0,0,0,,0,0,0,0,,,0,0,0,,,,,0,0,,0,,0,,457
478,50.433291,-124.453481,0,0,,0,0,0,,0,0,0,0,,,0,0,0,,,,,0,0,,0,,0,,458
479,50.442142,-124.41283,0,0,,0,0,0,,0,0,0,0,,,0,0,0,,,,,0,0,,0,,0,,459
480,50.440888,-124.417753,0,0,,0,0,0,,0,0,0,0,,,0,0,0,,,,,0,0,,0,,0,,460
481,50.441707,-124.420938,0,0,,0,0,0,,0,0,0,0,,,0,0,0,,,,,0,0,,0,,0,,461
482,50.877382,-124.824576,0,0,,0,0,0,,0,0,0,0,,,0,0,0,,,,,0,0,,0,,0,,462
483,50.879835,-124.822546,0,0,,0,0,0,,0,0,0,0,,,0,0,0,,,,,0,0,,0,,0,,463
484,50.882525,-124.822128,0,0,,0,0,0,,0,0,0,0,,,0,0,0,,,,,0,0,,0,,0,,464
485,50.876922,-124.825641,0,0,,0,0,0,,0,0,0,0,,,0,0,0,,,,,0,0,,0,,0,,465
486,50.847716,-124.896293,0,0,,0,0,0,,0,0,0,0,,,0,0,0,,,,,0,0,,0,,0,,466
487,50.849205,-124.89398,0,0,,0,0,0,,0,0,0,0,,,0,0,0,,,,,0,0,,0,,0,,467
488,50.850572,-124.892482,0,0,,0,0,0,,0,0,0,0,,,0,0,0,,,,,0,0,,0,,0,,468
489,50.851681,-124.89185,0,0,,0,0,0,,0,0,0,0,,,0,0,0,,,,,0,0,,0,,0,,469
490,50.852646,-124.891755,0,0,,0,0,0,,0,0,0,0,,,0,0,0,,,,,0,0,,0,,0,,470
491,50.402906,-125.323024,0,0,,0,0,0,,0,0,0,0,,,0,0,0,,,,,0,0,,0,,0,,471
492,50.43456,-125.307352,0,0,,0,0,0,,0,0,0,0,,,0,0,0,,,,,0,0,,0,,0,,472
493,50.445285,-125.300801,0,0,,0,0,0,,0,0,0,0,,,0,0,0,,,,,0,0,,0,,0,,473
494,48.900237,-123.644887,0,0,,0,0,0,,0,0,0,0,,,0,0,0,,,,,0,0,,0,,0,,474
495,49.262376,-124.095345,0,0,,0,0,0,,0,0,0,0,,,0,0,0,,,,,0,0,,0,,0,,475
496,49.461141,-122.87645,0,0,,0,0,0,,0,0,0,0,,,0,0,0,,,,,0,0,,0,,0,,476
497,49.462089,-122.881277,0,0,,0,0,0,,0,0,0,0,,,0,0,0,,,,,0,0,,0,,0,,477
498,49.457669,-122.883717,0,0,,0,0,0,,0,0,0,0,,,0,0,0,,,,,0,0,,0,,0,,478
499,49.45564,-122.882749,0,0,,0,0,0,,0,0,0,0,,,0,0,0,,,,,0,0,,0,,0,,479
500,49.45563,-122.868003,0,0,,0,0,0,,0,0,0,0,,,0,0,0,,,,,0,0,,0,,0,,480
501,49.449248,-122.866186,0,0,,0,0,0,,0,0,0,0,,,0,0,0,,,,,0,0,,0,,0,,481
502,49.446812,-122.862042,0,0,,0,0,0,,0,0,0,0,,,0,0,0,,,,,0,0,,0,,0,,482
503,49.44475,-122.868944,0,0,,0,0,0,,0,0,0,0,,,0,0,0,,,,,0,0,,0,,0,,483
504,49.446064,-122.860997,0,0,,0,0,0,,0,0,0,0,,,0,0,0,,,,,0,0,,0,,0,,484
505,49.443666,-122.86115,0,0,,0,0,0,,0,0,0,0,,,0,0,0,,,,,0,0,,0,,0,,485
506,49.433653,-122.85708,0,0,,0,0,0,,0,0,0,0,,,0,0,0,,,,,0,0,,0,,0,,486
507,49.435793,-122.861859,0,0,,0,0,0,,0,0,0,0,,,0,0,0,,,,,0,0,,0,,0,,487
508,49.437465,-122.863504,0,0,,0,0,0,,0,0,0,0,,,0,0,0,,,,,0,0,,0,,0,,488
509,49.439122,-122.864897,0,0,,0,0,0,,0,0,0,0,,,0,0,0,,,,,0,0,,0,,0,,489
510,49.430487,-122.861439,0,0,,0,0,0,,0,0,0,0,,,0,0,0,,,,,0,0,,0,,0,,490
511,49.422275,-122.858585,0,0,,0,0,0,,0,0,0,0,,,0,0,0,,,,,0,0,,0,,0,,491
512,49.410452,-122.863538,0,0,,0,0,0,,0,0,0,0,,,0,0,0,,,,,0,0,,0,,0,,492
513,49.395515,-122.880769,0,0,,0,0,0,,0,0,0,0,,,0,0,0,,,,,0,0,,0,,0,,493
514,49.409388,-122.879147,0,0,,0,0,0,,0,0,0,0,,,0,0,0,,,,,0,0,,0,,0,,494
515,49.381116,-122.867843,0,0,,0,0,0,,0,0,0,0,,,0,0,0,,,,,0,0,,0,,0,,495
516,49.370388,-122.875978,0,0,,0,0,0,,0,0,0,0,,,0,0,0,,,,,0,0,,0,,0,,496
517,49.374372,-122.886004,0,0,,0,0,0,,0,0,0,0,,,0,0,0,,,,,0,0,,0,,0,,497
518,49.350594,-122.905423,0,0,,0,0,0,,0,0,0,0,,,0,0,0,,,,,0,0,,0,,0,,498
519,49.354661,-122.90489,0,0,,0,0,0,,0,0,0,0,,,0,0,0,,,,,0,0,,0,,0,,499
520,49.338379,-122.92338,0,0,,0,0,0,,0,0,0,0,,,0,0,0,,,,,0,0,,0,,0,,500
521,49.292883,-122.97839,0,0,,0,0,0,,0,0,0,0,,,0,0,0,,,,,0,0,,0,,0,,501
522,49.290253,-122.918257,0,0,,0,0,0,,0,0,0,0,,,0,0,0,,,,,0,0,,0,,0,,502
523,49.290666,-122.914246,0,0,,0,0,0,,0,0,0,0,,,0,0,0,,,,,0,0,,0,,0,,503
524,49.248932,-123.311558,0,0,,0,0,0,,0,0,0,0,,,0,0,0,,,,,0,0,,0,,0,,504
525,49.197676,-123.334041,0,0,,0,0,0,,0,0,0,0,,,0,0,0,,,,,0,0,,0,,0,,505
526,50.34118,-124.757715,0,0,,0,0,0,,0,0,0,0,,,0,0,0,,,,,0,0,,0,,0,,506
527,50.343962,-124.704034,0,0,,0,0,0,,0,0,0,0,,,0,0,0,,,,,0,0,,0,,0,,507
528,50.368214,-124.715223,0,0,,0,0,0,,0,0,0,0,,,0,0,0,,,,,0,0,,0,,0,,508
529,50.3726,-124.678903,0,0,,0,0,0,,0,0,0,0,,,0,0,0,,,,,0,0,,0,,0,,509
530,50.378939,-124.699717,0,0,,0,0,0,,0,0,0,0,,,0,0,0,,,,,0,0,,0,,0,,510
531,50.383995,-124.675278,0,0,,0,0,0,,0,0,0,0,,,0,0,0,,,,,0,0,,0,,0,,511
532,50.396542,-124.690935,0,0,,0,0,0,,0,0,0,0,,,0,0,0,,,,,0,0,,0,,0,,512
533,50.405235,-124.682417,0,0,,0,0,0,,0,0,0,0,,,0,0,0,,,,,0,0,,0,,0,,513
534,50.401406,-124.65712,0,0,,0,0,0,,0,0,0,0,,,0,0,0,,,,,0,0,,0,,0,,514
535,50.412942,-124.677341,0,0,,0,0,0,,0,0,0,0,,,0,0,0,,,,,0,0,,0,,0,,515
536,50.400153,-124.530753,0,0,,0,0,0,,0,0,0,0,,,0,0,0,,,,,0,0,,0,,0,,516
537,50.403022,-124.625597,0,0,,0,0,0,,0,0,0,0,,,0,0,0,,,,,0,0,,0,,0,,517
538,50.414648,-124.619494,0,0,,0,0,0,,0,0,0,0,,,0,0,0,,,,,0,0,,0,,0,,518
539,50.380292,-124.952382,0,0,,0,0,0,,0,0,0,0,,,0,0,0,,,,,0,0,,0,,0,,519
540,49.582335,-123.235789,0,0,,0,0,0,,0,0,0,0,,,0,0,0,,,,,0,0,,0,,0,,520
541,49.457294,-123.244396,0,0,,0,0,0,,0,0,0,0,,,0,0,0,,,,,0,0,,0,,0,,521
542,49.430829,-123.24204,0,0,,0,0,0,,0,0,0,0,,,0,0,0,,,,,0,0,,0,,0,,522
543,49.43609,-123.241323,0,0,,0,0,0,,0,0,0,0,,,0,0,0,,,,,0,0,,0,,0,,523
544,49.440656,-123.242628,0,0,,0,0,0,,0,0,0,0,,,0,0,0,,,,,0,0,,0,,0,,524
545,49.410048,-123.249214,0,0,,0,0,0,,0,0,0,0,,,0,0,0,,,,,0,0,,0,,0,,525
546,49.403009,-123.252902,0,0,,0,0,0,,0,0,0,0,,,0,0,0,,,,,0,0,,0,,0,,526
377,49.636438,-123.254535,0,0,,0,0,0,,0,0,0,0,,,0,0,0,,,,,0,0,,0,,0,,527
378,49.656928,-123.218626,0,0,,0,0,0,,0,0,0,0,,,0,0,0,,,,,0,0,,0,,0,,528
379,49.659394,-123.209461,0,0,,0,0,0,,0,0,0,0,,,0,0,0,,,,,0,0,,0,,0,,529
380,49.659591,-123.205108,0,0,,0,0,0,,0,0,0,0,,,0,0,0,,,,,0,0,,0,,0,,530
381,49.661841,-123.188391,0,0,,0,0,0,,0,0,0,0,,,0,0,0,,,,,0,0,,0,,0,,531
547,49.645137,-123.225551,0,0,,0,0,0,,0,0,0,0,,,0,0,0,,,,,0,0,,0,,0,,532
548,49.651497,-123.225656,0,0,,0,0,0,,0,0,0,0,,,0,0,0,,,,,0,0,,0,,0,,533
194,49.665696,-123.237145,0,0,,0,0,0,,0,0,0,0,,,0,0,0,,,,,0,0,,0,,0,,534
195,49.604648,-123.22515,0,0,,0,0,0,,0,0,0,0,,,0,0,0,,,,,0,0,,0,,0,,535
196,49.591057,-123.229861,0,0,,0,0,0,,0,0,0,0,,,0,0,0,,,,,0,0,,0,,0,,536
197,49.56927,-123.293166,0,0,,0,0,0,,0,0,0,0,,,0,0,0,,,,,0,0,,0,,0,,537
198,49.547431,-123.247173,0,0,,0,0,0,,0,0,0,0,,,0,0,0,,,,,0,0,,0,,0,,538
199,49.445381,-123.242369,0,0,,0,0,0,,0,0,0,0,,,0,0,0,,,,,0,0,,0,,0,,539
200,49.427083,-123.25744,0,0,,0,0,0,,0,0,0,0,,,0,0,0,,,,,0,0,,0,,0,,540
201,49.479564,-123.474492,0,0,,0,0,0,,0,0,0,0,,,0,0,0,,,,,0,0,,0,,0,,541
202,49.550639,-123.301002,0,0,,0,0,0,,0,0,0,0,,,0,0,0,,,,,0,0,,0,,0,,542
203,49.553765,-123.363323,0,0,,0,0,0,,0,0,0,0,,,0,0,0,,,,,0,0,,0,,0,,543
204,49.492257,-123.289461,0,0,,0,0,0,,0,0,0,0,,,0,0,0,,,,,0,0,,0,,0,,544
205,49.485183,-123.283756,0,0,,0,0,0,,0,0,0,0,,,0,0,0,,,,,0,0,,0,,0,,545
206,50.196628,-123.955923,0,0,,0,0,0,,0,0,0,0,,,0,0,0,,,,,0,0,,0,,0,,546
207,50.199256,-123.959839,0,0,,0,0,0,,0,0,0,0,,,0,0,0,,,,,0,0,,0,,0,,547
208,50.195429,-123.954196,0,0,,0,0,0,,0,0,0,0,,,0,0,0,,,,,0,0,,0,,0,,548
549,50.193676,-123.951713,0,0,,0,0,0,,0,0,0,0,,,0,0,0,,,,,0,0,,0,,0,,549
550,50.19273,-123.950053,0,0,,0,0,0,,0,0,0,0,,,0,0,0,,,,,0,0,,0,,0,,550
551,50.192237,-123.94815,0,0,,0,0,0,,0,0,0,0,,,0,0,0,,,,,0,0,,0,,0,,551
552,50.19144,-123.945918,0,0,,0,0,0,,0,0,0,0,,,0,0,0,,,,,0,0,,0,,0,,552
553,50.189437,-123.942376,0,0,,0,0,0,,0,0,0,0,,,0,0,0,,,,,0,0,,0,,0,,553
554,50.188191,-123.939997,0,0,,0,0,0,,0,0,0,0,,,0,0,0,,,,,0,0,,0,,0,,554
555,50.187807,-123.936925,0,0,,0,0,0,,0,0,0,0,,,0,0,0,,,,,0,0,,0,,0,,555
556,50.183395,-123.929128,0,0,,0,0,0,,0,0,0,0,,,0,0,0,,,,,0,0,,0,,0,,556
557,50.182534,-123.92147,0,0,,0,0,0,,0,0,0,0,,,0,0,0,,,,,0,0,,0,,0,,557
558,50.178568,-123.91783,0,0,,0,0,0,,0,0,0,0,,,0,0,0,,,,,0,0,,0,,0,,558
559,50.179937,-123.919106,0,0,,0,0,0,,0,0,0,0,,,0,0,0,,,,,0,0,,0,,0,,559
560,50.180473,-123.920864,0,0,,0,0,0,,0,0,0,0,,,0,0,0,,,,,0,0,,0,,0,,560
561,50.167147,-123.883297,0,0,,0,0,0,,0,0,0,0,,,0,0,0,,,,,0,0,,0,,0,,561
562,50.155322,-123.86063,0,0,,0,0,0,,0,0,0,0,,,0,0,0,,,,,0,0,,0,,0,,562
563,50.067459,-123.793025,0,0,,0,0,0,,0,0,0,0,,,0,0,0,,,,,0,0,,0,,0,,563
564,50.040697,-123.831418,0,0,,0,0,0,,0,0,0,0,,,0,0,0,,,,,0,0,,0,,0,,564
565,49.911395,-123.917841,0,0,,0,0,0,,0,0,0,0,,,0,0,0,,,,,0,0,,0,,0,,565
566,49.910322,-123.905598,0,0,,0,0,0,,0,0,0,0,,,0,0,0,,,,,0,0,,0,,0,,566
567,49.912705,-123.887754,0,0,,0,0,0,,0,0,0,0,,,0,0,0,,,,,0,0,,0,,0,,567
568,49.802563,-123.929625,0,0,,0,0,0,,0,0,0,0,,,0,0,0,,,,,0,0,,0,,0,,568
569,50.274857,-124.631891,0,0,,0,0,0,,0,0,0,0,,,0,0,0,,,,,0,0,,0,,0,,569
570,50.75057,-124.86839,0,0,,0,0,0,,0,0,0,0,,,0,0,0,,,,,0,0,,0,,0,,570
571,50.581738,-124.930736,0,0,,0,0,0,,0,0,0,0,,,0,0,0,,,,,0,0,,0,,0,,571
572,50.170333,-123.93593,0,0,,0,0,0,,0,0,0,0,,,0,0,0,,,,,0,0,,0,,0,,572
573,49.40807,-124.402419,0,0,,0,0,0,,0,0,0,0,,,0,0,0,,,,,0,0,,0,,0,,573
574,49.376591,-124.500387,0,0,,0,0,0,,0,0,0,0,,,0,0,0,,,,,0,0,,0,,0,,574
575,49.377293,-124.485077,0,0,,0,0,0,,0,0,0,0,,,0,0,0,,,,,0,0,,0,,0,,575
576,48.522735,-124.476717,0,0,,0,0,0,,0,0,0,0,,,0,0,0,,,,,0,0,,0,,0,,576
577,48.754071,-123.619568,0,0,,0,0,0,,0,0,0,0,,,0,0,0,,,,,0,0,,0,,0,,577
578,50.48179,-125.060713,0,0,,0,0,0,,0,0,0,0,,,0,0,0,,,,,0,0,,0,,0,,578
579,50.496785,-125.010931,0,0,,0,0,0,,0,0,0,0,,,0,0,0,,,,,0,0,,0,,0,,579
580,50.311556,-125.097221,0,0,,0,0,0,,0,0,0,0,,,0,0,0,,,,,0,0,,0,,0,,580
581,49.658605,-124.927859,0,0,,0,0,0,,0,0,0,0,,,0,0,0,,,,,0,0,,0,,0,,581
582,49.662998,-124.926431,0,0,,0,0,0,,0,0,0,0,,,0,0,0,,,,,0,0,,0,,0,,582
583,49.65389,-124.910732,0,0,,0,0,0,,0,0,0,0,,,0,0,0,,,,,0,0,,0,,0,,583
584,49.652346,-124.894474,0,0,,0,0,0,,0,0,0,0,,,0,0,0,,,,,0,0,,0,,0,,584
585,49.650427,-124.889492,0,0,,0,0,0,,0,0,0,0,,,0,0,0,,,,,0,0,,0,,0,,585
586,49.634503,-124.870718,0,0,,0,0,0,,0,0,0,0,,,0,0,0,,,,,0,0,,0,,0,,586
587,49.632146,-124.86812,0,0,,0,0,0,,0,0,0,0,,,0,0,0,,,,,0,0,,0,,0,,587
588,49.631089,-124.865691,0,0,,0,0,0,,0,0,0,0,,,0,0,0,,,,,0,0,,0,,0,,588
589,49.610353,-124.845141,0,0,,0,0,0,,0,0,0,0,,,0,0,0,,,,,0,0,,0,,0,,589
590,49.608197,-124.846089,0,0,,0,0,0,,0,0,0,0,,,0,0,0,,,,,0,0,,0,,0,,590
591,49.607208,-124.842649,0,0,,0,0,0,,0,0,0,0,,,0,0,0,,,,,0,0,,0,,0,,591
592,50.294973,-124.93886,0,0,,0,0,0,,0,0,0,0,,,0,0,0,,,,,0,0,,0,,0,,592
593,50.296207,-124.937442,0,0,,0,0,0,,0,0,0,0,,,0,0,0,,,,,0,0,,0,,0,,593
594,50.297239,-124.936173,0,0,,0,0,0,,0,0,0,0,,,0,0,0,,,,,0,0,,0,,0,,594
595,50.316229,-124.963915,0,0,,0,0,0,,0,0,0,0,,,0,0,0,,,,,0,0,,0,,0,,595
596,50.320409,-124.911692,0,0,,0,0,0,,0,0,0,0,,,0,0,0,,,,,0,0,,0,,0,,596
597,50.311795,-124.875825,0,0,,0,0,0,,0,0,0,0,,,0,0,0,,,,,0,0,,0,,0,,597
598,50.297854,-124.867046,0,0,,0,0,0,,0,0,0,0,,,0,0,0,,,,,0,0,,0,,0,,598
599,50.33458,-124.772124,0,0,,0,0,0,,0,0,0,0,,,0,0,0,,,,,0,0,,0,,0,,599
600,49.481923,-124.009407,0,0,,0,0,0,,0,0,0,0,,,0,0,0,,,,,0,0,,0,,0,,600
601,49.523162,-123.99995,0,0,,0,0,0,,0,0,0,0,,,0,0,0,,,,,0,0,,0,,0,,601
602,49.657356,-124.189545,0,0,,0,0,0,,0,0,0,0,,,0,0,0,,,,,0,0,,0,,0,,602
603,49.516114,-124.231701,0,0,,0,0,0,,0,0,0,0,,,0,0,0,,,,,0,0,,0,,0,,603
604,50.404043,-124.632227,0,0,,0,0,0,,0,0,0,0,,,0,0,0,,,,,0,0,,0,,0,,604
605,50.463413,-124.404003,0,0,,0,0,0,,0,0,0,0,,,0,0,0,,,,,0,0,,0,,0,,605
606,50.47354,-124.381309,0,0,,0,0,0,,0,0,0,0,,,0,0,0,,,,,0,0,,0,,0,,606
607,50.45806,-124.389561,0,0,,0,0,0,,0,0,0,0,,,0,0,0,,,,,0,0,,0,,0,,607
608,50.400608,-124.549038,0,0,,0,0,0,,0,0,0,0,,,0,0,0,,,,,0,0,,0,,0,,608
609,50.401424,-124.583148,0,0,,0,0,0,,0,0,0,0,,,0,0,0,,,,,0,0,,0,,0,,609
610,50.401244,-124.602297,0,0,,0,0,0,,0,0,0,0,,,0,0,0,,,,,0,0,,0,,0,,610
611,50.401081,-124.607337,0,0,,0,0,0,,0,0,0,0,,,0,0,0,,,,,0,0,,0,,0,,611
612,50.39495,-124.665621,0,0,,0,0,0,,0,0,0,0,,,0,0,0,,,,,0,0,,0,,0,,612
613,50.392732,-124.668725,0,0,,0,0,0,,0,0,0,0,,,0,0,0,,,,,0,0,,0,,0,,613
614,50.313771,-124.74252,0,0,,0,0,0,,0,0,0,0,,,0,0,0,,,,,0,0,,0,,0,,614
615,50.440203,-125.009542,0,0,,0,0,0,,0,0,0,0,,,0,0,0,,,,,0,0,,0,,0,,615
616,50.431974,-124.996391,0,0,,0,0,0,,0,0,0,0,,,0,0,0,,,,,0,0,,0,,0,,616
617,50.425398,-124.971001,0,0,,0,0,0,,0,0,0,0,,,0,0,0,,,,,0,0,,0,,0,,617
618,50.415921,-124.966247,0,0,,0,0,0,,0,0,0,0,,,0,0,0,,,,,0,0,,0,,0,,618
619,50.417268,-124.980999,0,0,,0,0,0,,0,0,0,0,,,0,0,0,,,,,0,0,,0,,0,,619
620,50.390876,-124.969195,0,0,,0,0,0,,0,0,0,0,,,0,0,0,,,,,0,0,,0,,0,,620
621,49.509119,-123.470649,0,0,,0,0,0,,0,0,0,0,,,0,0,0,,,,,0,0,,0,,0,,621
622,49.515666,-123.450696,0,0,,0,0,0,,0,0,0,0,,,0,0,0,,,,,0,0,,0,,0,,622
623,50.561878,-124.901922,0,0,,0,0,0,,0,0,0,0,,,0,0,0,,,,,0,0,,0,,0,,623
624,50.557652,-124.920529,0,0,,0,0,0,,0,0,0,0,,,0,0,0,,,,,0,0,,0,,0,,624
625,50.520908,-124.955457,0,0,,0,0,0,,0,0,0,0,,,0,0,0,,,,,0,0,,0,,0,,625
626,50.363938,-125.076736,0,0,,0,0,0,,0,0,0,0,,,0,0,0,,,,,0,0,,0,,0,,626
627,50.366512,-125.067996,0,0,,0,0,0,,0,0,0,0,,,0,0,0,,,,,0,0,,0,,0,,627
628,50.450571,-125.089261,0,0,,0,0,0,,0,0,0,0,,,0,0,0,,,,,0,0,,0,,0,,628
629,50.48444,-125.10172,0,0,,0,0,0,,0,0,0,0,,,0,0,0,,,,,0,0,,0,,0,,629
630,50.477128,-125.098633,0,0,,0,0,0,,0,0,0,0,,,0,0,0,,,,,0,0,,0,,0,,630
631,50.508451,-125.053369,0,0,,0,0,0,,0,0,0,0,,,0,0,0,,,,,0,0,,0,,0,,631
632,50.502329,-125.080971,0,0,,0,0,0,,0,0,0,0,,,0,0,0,,,,,0,0,,0,,0,,632
633,49.880697,-124.633613,0,0,,0,0,0,,0,0,0,0,,,0,0,0,,,,,0,0,,0,,0,,633
634,49.795087,-124.532758,0,0,,0,0,0,,0,0,0,0,,,0,0,0,,,,,0,0,,0,,0,,634
635,49.659467,-124.578206,0,0,,0,0,0,,0,0,0,0,,,0,0,0,,,,,0,0,,0,,0,,635
636,50.871284,-124.885473,0,0,,0,0,0,,0,0,0,0,,,0,0,0,,,,,0,0,,0,,0,,636
637,50.877362,-124.881701,0,0,,0,0,0,,0,0,0,0,,,0,0,0,,,,,0,0,,0,,0,,637
638,50.87025,-124.891706,0,0,,0,0,0,,0,0,0,0,,,0,0,0,,,,,0,0,,0,,0,,638
639,50.891414,-124.863544,0,0,,0,0,0,,0,0,0,0,,,0,0,0,,,,,0,0,,0,,0,,639
640,50.867094,-124.84512,0,0,,0,0,0,,0,0,0,0,,,0,0,0,,,,,0,0,,0,,0,,640
641,50.842198,-124.854108,0,0,,0,0,0,,0,0,0,0,,,0,0,0,,,,,0,0,,0,,0,,641
642,50.80357,-124.976111,0,0,,0,0,0,,0,0,0,0,,,0,0,0,,,,,0,0,,0,,0,,642
643,50.791549,-124.963854,0,0,,0,0,0,,0,0,0,0,,,0,0,0,,,,,0,0,,0,,0,,643
644,50.598611,-124.916279,0,0,,0,0,0,,0,0,0,0,,,0,0,0,,,,,0,0,,0,,0,,644
645,48.370145,-123.927849,0,0,,0,0,0,,0,0,0,0,,,0,0,0,,,,,0,0,,0,,0,,645
646,48.369157,-123.925888,0,0,,0,0,0,,0,0,0,0,,,0,0,0,,,,,0,0,,0,,0,,646
647,48.368037,-123.923451,0,0,,0,0,0,,0,0,0,0,,,0,0,0,,,,,0,0,,0,,0,,647
648,48.367663,-123.913704,0,0,,0,0,0,,0,0,0,0,,,0,0,0,,,,,0,0,,0,,0,,648
649,48.365336,-123.884063,0,0,,0,0,0,,0,0,0,0,,,0,0,0,,,,,0,0,,0,,0,,649
650,48.36627,-123.890354,0,0,,0,0,0,,0,0,0,0,,,0,0,0,,,,,0,0,,0,,0,,650
651,48.346543,-123.825292,0,0,,0,0,0,,0,0,0,0,,,0,0,0,,,,,0,0,,0,,0,,651
652,48.478277,-124.343332,0,0,,0,0,0,,0,0,0,0,,,0,0,0,,,,,0,0,,0,,0,,652
653,50.015688,-124.919321,0,0,,0,0,0,,0,0,0,0,,,0,0,0,,,,,0,0,,0,,0,,653
654,50.14506,-123.825055,0,0,,0,0,0,,0,0,0,0,,,0,0,0,,,,,0,0,,0,,0,,654
655,50.150856,-123.834937,0,0,,0,0,0,,0,0,0,0,,,0,0,0,,,,,0,0,,0,,0,,655
656,50.300432,-124.667475,0,0,,0,0,0,,0,0,0,0,,,0,0,0,,,,,0,0,,0,,0,,656
657,50.19097,-124.634107,0,0,,0,0,0,,0,0,0,0,,,0,0,0,,,,,0,0,,0,,0,,657
658,50.190908,-124.741412,0,0,,0,0,0,,0,0,0,0,,,0,0,0,,,,,0,0,,0,,0,,658
659,50.231408,-124.733255,0,0,,0,0,0,,0,0,0,0,,,0,0,0,,,,,0,0,,0,,0,,659
660,50.252871,-124.715955,0,0,,0,0,0,,0,0,0,0,,,0,0,0,,,,,0,0,,0,,0,,660
661,50.183405,-124.735431,0,0,,0,0,0,,0,0,0,0,,,0,0,0,,,,,0,0,,0,,0,,661
662,50.192473,-124.988548,0,0,,0,0,0,,0,0,0,0,,,0,0,0,,,,,0,0,,0,,0,,662
663,50.183606,-125.002426,0,0,,0,0,0,,0,0,0,0,,,0,0,0,,,,,0,0,,0,,0,,663
664,50.170426,-124.999506,0,0,,0,0,0,,0,0,0,0,,,0,0,0,,,,,0,0,,0,,0,,664
665,49.431691,-122.872623,0,0,,0,0,0,,0,0,0,0,,,0,0,0,,,,,0,0,,0,,0,,665
666,49.446984,-122.877214,0,0,,0,0,0,,0,0,0,0,,,0,0,0,,,,,0,0,,0,,0,,666
667,49.376507,-122.871245,0,0,,0,0,0,,0,0,0,0,,,0,0,0,,,,,0,0,,0,,0,,667
668,49.374392,-122.87324,0,0,,0,0,0,,0,0,0,0,,,0,0,0,,,,,0,0,,0,,0,,668
669,49.358407,-122.897426,0,0,,0,0,0,,0,0,0,0,,,0,0,0,,,,,0,0,,0,,0,,669
670,50.156597,-123.845902,0,0,,0,0,0,,0,0,0,0,,,0,0,0,,,,,0,0,,0,,0,,670
671,48.477629,-124.342647,0,0,,0,0,0,,0,0,0,0,,,0,0,0,,,,,0,0,,0,,0,,671
672,48.637232,-123.528403,0,0,,0,0,0,,0,0,0,0,,,0,0,0,,,,,0,0,,0,,0,,672
673,50.153124,-123.839364,0,0,,0,0,0,,0,0,0,0,,,0,0,0,,,,,0,0,,0,,0,,673
674,50.147762,-123.829285,0,0,,0,0,0,,0,0,0,0,,,0,0,0,,,,,0,0,,0,,0,,674
675,50.198004,-123.974972,0,0,,0,0,0,,0,0,0,0,,,0,0,0,,,,,0,0,,0,,0,,675
676,50.430193,-124.527202,0,0,,0,0,0,,0,0,0,0,,,0,0,0,,,,,0,0,,0,,0,,676
677,50.420583,-124.537341,0,0,,0,0,0,,0,0,0,0,,,0,0,0,,,,,0,0,,0,,0,,677
678,50.821625,-124.873533,0,0,,0,0,0,,0,0,0,0,,,0,0,0,,,,,0,0,,0,,0,,678
679,50.364929,-124.953851,0,0,,0,0,0,,0,0,0,0,,,0,0,0,,,,,0,0,,0,,0,,679
680,50.355991,-124.96267,0,0,,0,0,0,,0,0,0,0,,,0,0,0,,,,,0,0,,0,,0,,680
681,50.065466,-124.849927,0,0,,0,0,0,,0,0,0,0,,,0,0,0,,,,,0,0,,0,,0,,681
682,50.071207,-124.826787,0,0,,0,0,0,,0,0,0,0,,,0,0,0,,,,,0,0,,0,,0,,682
683,49.787684,-124.032046,0,0,,0,0,0,,0,0,0,0,,,0,0,0,,,,,0,0,,0,,0,,683
684,49.805553,-123.997723,0,0,,0,0,0,,0,0,0,0,,,0,0,0,,,,,0,0,,0,,0,,684
685,49.661114,-124.302956,0,0,,0,0,0,,0,0,0,0,,,0,0,0,,,,,0,0,,0,,0,,685
686,49.870191,-124.067675,0,0,,0,0,0,,0,0,0,0,,,0,0,0,,,,,0,0,,0,,0,,686
687,49.341718,-124.261448,0,0,,0,0,0,,0,0,0,0,,,0,0,0,,,,,0,0,,0,,0,,687
688,49.381344,-124.407596,0,0,,0,0,0,,0,0,0,0,,,0,0,0,,,,,0,0,,0,,0,,688
689,49.385255,-124.441123,0,0,,0,0,0,,0,0,0,0,,,0,0,0,,,,,0,0,,0,,0,,689
690,49.403475,-124.37302,0,0,,0,0,0,,0,0,0,0,,,0,0,0,,,,,0,0,,0,,0,,690
691,49.078807,-125.166143,0,0,,0,0,0,,0,0,0,0,,,0,0,0,,,,,0,0,,0,,0,,691
692,49.071663,-125.154788,0,0,,0,0,0,,0,0,0,0,,,0,0,0,,,,,0,0,,0,,0,,692
693,49.100457,-124.820974,0,0,,0,0,0,,0,0,0,0,,,0,0,0,,,,,0,0,,0,,0,,693
694,50.436471,-124.980416,0,0,,0,0,0,,0,0,0,0,,,0,0,0,,,,,0,0,,0,,0,,694
695,50.443214,-125.008533,0,0,,0,0,0,,0,0,0,0,,,0,0,0,,,,,0,0,,0,,0,,695
696,50.399197,-124.959817,0,0,,0,0,0,,0,0,0,0,,,0,0,0,,,,,0,0,,0,,0,,696
697,50.86095,-124.865225,0,0,,0,0,0,,0,0,0,0,,,0,0,0,,,,,0,0,,0,,0,,697
698,49.095469,-124.831266,0,0,,0,0,0,,0,0,0,0,,,0,0,0,,,,,0,0,,0,,0,,698
699,53.916614,-128.729908,0,0,,0,0,0,,0,0,0,0,,,0,0,0,,,,,0,0,,0,,0,,699
700,53.69304,-129.130458,0,0,,0,0,0,,0,0,0,0,,,0,0,0,,,,,0,0,,0,,0,,700
714,53.497922,-129.186436,60,350,,0,0,0,,0,0,0,0,,,0,0,0,,,,,0,0,,0,,0,,701
715,53.455952,-129.184728,0,0,,0,0,0,,0,0,0,0,,,0,0,0,,,,,0,0,,0,,0,,702
716,53.515993,-129.184325,0,0,,0,0,0,,0,0,0,0,,,0,0,0,,,,,0,0,,0,,0,,703
717,53.542096,-129.17701,0,0,,0,0,0,,0,0,0,0,,,0,0,0,,,,,0,0,,0,,0,,704
718,53.550766,-129.176986,0,0,,0,0,0,,0,0,0,0,,,0,0,0,,,,,0,0,,0,,0,,705
719,53.588523,-129.241631,0,0,,0,0,0,,0,0,0,0,,,0,0,0,,,,,0,0,,0,,0,,706
720,53.536619,-129.231908,0,0,,0,0,0,,0,0,0,0,,,0,0,0,,,,,0,0,,0,,0,,707
721,53.563591,-129.230889,0,0,,0,0,0,,0,0,0,0,,,0,0,0,,,,,0,0,,0,,0,,708
722,53.489406,-129.234002,0,0,,0,0,0,,0,0,0,0,,,0,0,0,,,,,0,0,,0,,0,,709
723,53.462712,-129.221787,0,0,,0,0,0,,0,0,0,0,,,0,0,0,,,,,0,0,,0,,0,,710
724,53.528842,-129.175573,0,0,,0,0,0,,0,0,0,0,,,0,0,0,,,,,0,0,,0,,0,,711
725,53.531379,-129.174579,0,0,,0,0,0,,0,0,0,0,,,0,0,0,,,,,0,0,,0,,0,,712
726,53.535237,-129.17482,0,0,,0,0,0,,0,0,0,0,,,0,0,0,,,,,0,0,,0,,0,,713
727,53.524593,-129.17739,0,0,,0,0,0,,0,0,0,0,,,0,0,0,,,,,0,0,,0,,0,,714
728,53.540456,-129.17492,0,0,,0,0,0,,0,0,0,0,,,0,0,0,,,,,0,0,,0,,0,,715
729,53.808013,-128.885244,0,0,,0,0,0,,0,0,0,0,,,0,0,0,,,,,0,0,,0,,0,,716
730,53.716088,-128.806336,0,0,,0,0,0,,0,0,0,0,,,0,0,0,,,,,0,0,,0,,0,,717
731,53.694967,-128.803797,0,0,,0,0,0,,0,0,0,0,,,0,0,0,,,,,0,0,,0,,0,,718
732,53.677455,-128.818696,0,0,,0,0,0,,0,0,0,0,,,0,0,0,,,,,0,0,,0,,0,,719
733,53.655597,-129.187813,0,0,,0,0,0,,0,0,0,0,,,0,0,0,,,,,0,0,,0,,0,,720
734,50.87931,-125.655985,0,0,,0,0,0,,0,0,0,0,,,0,0,0,,,,,0,0,,0,,0,,721
735,50.899791,-125.616857,0,0,,0,0,0,,0,0,0,0,,,0,0,0,,,,,0,0,,0,,0,,722
736,50.902929,-125.607143,0,0,,0,0,0,,0,0,0,0,,,0,0,0,,,,,0,0,,0,,0,,723
737,50.896948,-125.630651,0,0,,0,0,0,,0,0,0,0,,,0,0,0,,,,,0,0,,0,,0,,724
738,50.88548,-125.62788,0,0,,0,0,0,,0,0,0,0,,,0,0,0,,,,,0,0,,0,,0,,725
739,50.988861,-125.540354,0,0,,0,0,0,,0,0,0,0,,,0,0,0,,,,,0,0,,0,,0,,726
740,50.949717,-125.508235,0,0,,0,0,0,,0,0,0,0,,,0,0,0,,,,,0,0,,0,,0,,727
741,50.940587,-125.504746,0,0,,0,0,0,,0,0,0,0,,,0,0,0,,,,,0,0,,0,,0,,728
742,51.018542,-125.579352,0,0,,0,0,0,,0,0,0,0,,,0,0,0,,,,,0,0,,0,,0,,729
743,50.969398,-125.583489,0,0,,0,0,0,,0,0,0,0,,,0,0,0,,,,,0,0,,0,,0,,730
744,50.960103,-125.575627,0,0,,0,0,0,,0,0,0,0,,,0,0,0,,,,,0,0,,0,,0,,731
745,50.955707,-125.569687,0,0,,0,0,0,,0,0,0,0,,,0,0,0,,,,,0,0,,0,,0,,732
746,50.955273,-125.565833,0,0,,0,0,0,,0,0,0,0,,,0,0,0,,,,,0,0,,0,,0,,733
747,50.962269,-125.579213,0,0,,0,0,0,,0,0,0,0,,,0,0,0,,,,,0,0,,0,,0,,734
748,50.931346,-125.510806,0,0,,0,0,0,,0,0,0,0,,,0,0,0,,,,,0,0,,0,,0,,735
749,50.933184,-125.507645,0,0,,0,0,0,,0,0,0,0,,,0,0,0,,,,,0,0,,0,,0,,736
750,50.87106,-125.57077,0,0,,0,0,0,,0,0,0,0,,,0,0,0,,,,,0,0,,0,,0,,737
751,50.875164,-125.559969,0,0,,0,0,0,,0,0,0,0,,,0,0,0,,,,,0,0,,0,,0,,738
752,50.878164,-125.546687,0,0,,0,0,0,,0,0,0,0,,,0,0,0,,,,,0,0,,0,,0,,739
753,50.868712,-125.625463,0,0,,0,0,0,,0,0,0,0,,,0,0,0,,,,,0,0,,0,,0,,740
754,50.813341,-125.617258,0,0,,0,0,0,,0,0,0,0,,,0,0,0,,,,,0,0,,0,,0,,741
755,50.827453,-125.640341,0,0,,0,0,0,,0,0,0,0,,,0,0,0,,,,,0,0,,0,,0,,742
756,50.795741,-125.598555,0,0,,0,0,0,,0,0,0,0,,,0,0,0,,,,,0,0,,0,,0,,743
757,50.784091,-125.60849,0,0,,0,0,0,,0,0,0,0,,,0,0,0,,,,,0,0,,0,,0,,744
758,50.759903,-125.620521,0,0,,0,0,0,,0,0,0,0,,,0,0,0,,,,,0,0,,0,,0,,745
759,50.764652,-125.617374,0,0,,0,0,0,,0,0,0,0,,,0,0,0,,,,,0,0,,0,,0,,746
760,50.756302,-125.640254,0,0,,0,0,0,,0,0,0,0,,,0,0,0,,,,,0,0,,0,,0,,747
761,50.772692,-125.68199,0,0,,0,0,0,,0,0,0,0,,,0,0,0,,,,,0,0,,0,,0,,748
762,50.762452,-125.697737,0,0,,0,0,0,,0,0,0,0,,,0,0,0,,,,,0,0,,0,,0,,749
763,50.743313,-125.676841,0,0,,0,0,0,,0,0,0,0,,,0,0,0,,,,,0,0,,0,,0,,750
764,50.744864,-125.71339,0,0,,0,0,0,,0,0,0,0,,,0,0,0,,,,,0,0,,0,,0,,751
765,50.739797,-125.712121,0,0,,0,0,0,,0,0,0,0,,,0,0,0,,,,,0,0,,0,,0,,752
766,50.722833,-125.685579,0,0,,0,0,0,,0,0,0,0,,,0,0,0,,,,,0,0,,0,,0,,753
767,50.72634,-125.685078,0,0,,0,0,0,,0,0,0,0,,,0,0,0,,,,,0,0,,0,,0,,754
768,50.729224,-125.687527,0,0,,0,0,0,,0,0,0,0,,,0,0,0,,,,,0,0,,0,,0,,755
769,50.694518,-125.703563,0,0,,0,0,0,,0,0,0,0,,,0,0,0,,,,,0,0,,0,,0,,756
770,50.705921,-125.703657,0,0,,0,0,0,,0,0,0,0,,,0,0,0,,,,,0,0,,0,,0,,757
771,50.699491,-125.823493,0,0,,0,0,0,,0,0,0,0,,,0,0,0,,,,,0,0,,0,,0,,758
772,50.816353,-125.669316,0,0,,0,0,0,,0,0,0,0,,,0,0,0,,,,,0,0,,0,,0,,759
773,50.82168,-125.676395,0,0,,0,0,0,,0,0,0,0,,,0,0,0,,,,,0,0,,0,,0,,760
774,50.87246,-125.6756,0,0,,0,0,0,,0,0,0,0,,,0,0,0,,,,,0,0,,0,,0,,761
775,50.807417,-125.64794,0,0,,0,0,0,,0,0,0,0,,,0,0,0,,,,,0,0,,0,,0,,762
776,51.109824,-126.961137,0,0,,0,0,0,,0,0,0,0,,,0,0,0,,,,,0,0,,0,,0,,763
777,51.106975,-126.933623,0,0,,0,0,0,,0,0,0,0,,,0,0,0,,,,,0,0,,0,,0,,764
778,51.105761,-127.012231,0,0,,0,0,0,,0,0,0,0,,,0,0,0,,,,,0,0,,0,,0,,765
779,51.113058,-127.042162,0,0,,0,0,0,,0,0,0,0,,,0,0,0,,,,,0,0,,0,,0,,766
780,51.11379,-127.065184,0,0,,0,0,0,,0,0,0,0,,,0,0,0,,,,,0,0,,0,,0,,767
781,51.106831,-127.03799,0,0,,0,0,0,,0,0,0,0,,,0,0,0,,,,,0,0,,0,,0,,768
782,51.114694,-127.073696,0,0,,0,0,0,,0,0,0,0,,,0,0,0,,,,,0,0,,0,,0,,769
783,51.114193,-127.08372,0,0,,0,0,0,,0,0,0,0,,,0,0,0,,,,,0,0,,0,,0,,770
784,51.107316,-127.078011,0,0,,0,0,0,,0,0,0,0,,,0,0,0,,,,,0,0,,0,,0,,771
785,51.114761,-127.135045,0,0,,0,0,0,,0,0,0,0,,,0,0,0,,,,,0,0,,0,,0,,772
786,51.116989,-127.126688,0,0,,0,0,0,,0,0,0,0,,,0,0,0,,,,,0,0,,0,,0,,773
787,51.110151,-127.10128,0,0,,0,0,0,,0,0,0,0,,,0,0,0,,,,,0,0,,0,,0,,774
788,51.108682,-127.094429,0,0,,0,0,0,,0,0,0,0,,,0,0,0,,,,,0,0,,0,,0,,775
789,51.114716,-127.097319,0,0,,0,0,0,,0,0,0,0,,,0,0,0,,,,,0,0,,0,,0,,776
790,51.115053,-127.106415,0,0,,0,0,0,,0,0,0,0,,,0,0,0,,,,,0,0,,0,,0,,777
791,51.105089,-126.982939,0,0,,0,0,0,,0,0,0,0,,,0,0,0,,,,,0,0,,0,,0,,778
792,51.116903,-127.155683,0,0,,0,0,0,,0,0,0,0,,,0,0,0,,,,,0,0,,0,,0,,779
793,53.963312,-128.683381,0,0,,0,0,0,,0,0,0,0,,,0,0,0,,,,,0,0,,0,,0,,780
794,53.947904,-128.668746,0,0,,0,0,0,,0,0,0,0,,,0,0,0,,,,,0,0,,0,,0,,781
795,53.955319,-128.661405,0,0,,0,0,0,,0,0,0,0,,,0,0,0,,,,,0,0,,0,,0,,782
796,53.974702,-128.659662,0,0,,0,0,0,,0,0,0,0,,,0,0,0,,,,,0,0,,0,,0,,783
797,53.0631,-129.318963,0,0,,0,0,0,,0,0,0,0,,,0,0,0,,,,,0,0,,0,,0,,784
798,53.071663,-129.30298,0,0,,0,0,0,,0,0,0,0,,,0,0,0,,,,,0,0,,0,,0,,785
799,53.086716,-129.362639,0,0,,0,0,0,,0,0,0,0,,,0,0,0,,,,,0,0,,0,,0,,786
800,53.110933,-129.390641,0,0,,0,0,0,,0,0,0,0,,,0,0,0,,,,,0,0,,0,,0,,787
801,53.038093,-129.30556,0,0,,0,0,0,,0,0,0,0,,,0,0,0,,,,,0,0,,0,,0,,788
802,53.83222,-128.5037,0,0,,0,0,0,,0,0,0,0,,,0,0,0,,,,,0,0,,0,,0,,789
803,53.840538,-128.515344,0,0,,0,0,0,,0,0,0,0,,,0,0,0,,,,,0,0,,0,,0,,790
804,53.834266,-128.524645,0,0,,0,0,0,,0,0,0,0,,,0,0,0,,,,,0,0,,0,,0,,791
805,53.835481,-128.541703,0,0,,0,0,0,,0,0,0,0,,,0,0,0,,,,,0,0,,0,,0,,792
806,53.652137,-129.75208,0,0,,0,0,0,,0,0,0,0,,,0,0,0,,,,,0,0,,0,,0,,793
807,53.953778,-130.168481,0,0,,0,0,0,,0,0,0,0,,,0,0,0,,,,,0,0,,0,,0,,794
808,53.717186,-129.831635,0,0,,0,0,0,,0,0,0,0,,,0,0,0,,,,,0,0,,0,,0,,795
809,53.727213,-129.822157,0,0,,0,0,0,,0,0,0,0,,,0,0,0,,,,,0,0,,0,,0,,796
810,53.725498,-129.84646,0,0,,0,0,0,,0,0,0,0,,,0,0,0,,,,,0,0,,0,,0,,797
811,53.669395,-129.100192,0,0,,0,0,0,,0,0,0,0,,,0,0,0,,,,,0,0,,0,,0,,798
812,53.729233,-129.073758,0,0,,0,0,0,,0,0,0,0,,,0,0,0,,,,,0,0,,0,,0,,799
813,53.720306,-129.029189,0,0,,0,0,0,,0,0,0,0,,,0,0,0,,,,,0,0,,0,,0,,800
814,53.707675,-129.122165,0,0,,0,0,0,,0,0,0,0,,,0,0,0,,,,,0,0,,0,,0,,801
815,53.713249,-129.115004,0,0,,0,0,0,,0,0,0,0,,,0,0,0,,,,,0,0,,0,,0,,802
816,53.71848,-129.107373,0,0,,0,0,0,,0,0,0,0,,,0,0,0,,,,,0,0,,0,,0,,803
817,53.005474,-129.299421,0,0,,0,0,0,,0,0,0,0,,,0,0,0,,,,,0,0,,0,,0,,804
818,53.007777,-129.204302,0,0,,0,0,0,,0,0,0,0,,,0,0,0,,,,,0,0,,0,,0,,805
819,53.12418,-129.135247,0,0,,0,0,0,,0,0,0,0,,,0,0,0,,,,,0,0,,0,,0,,806
820,53.272298,-129.169927,0,0,,0,0,0,,0,0,0,0,,,0,0,0,,,,,0,0,,0,,0,,807
821,53.253316,-129.167619,0,0,,0,0,0,,0,0,0,0,,,0,0,0,,,,,0,0,,0,,0,,808
822,53.776695,-129.911458,0,0,,0,0,0,,0,0,0,0,,,0,0,0,,,,,0,0,,0,,0,,809
823,53.773386,-129.90652,0,0,,0,0,0,,0,0,0,0,,,0,0,0,,,,,0,0,,0,,0,,810
824,53.771331,-129.93502,0,0,,0,0,0,,0,0,0,0,,,0,0,0,,,,,0,0,,0,,0,,811
825,53.754626,-129.902187,0,0,,0,0,0,,0,0,0,0,,,0,0,0,,,,,0,0,,0,,0,,812
826,53.74766,-129.887471,0,0,,0,0,0,,0,0,0,0,,,0,0,0,,,,,0,0,,0,,0,,813
827,53.738839,-129.87088,0,0,,0,0,0,,0,0,0,0,,,0,0,0,,,,,0,0,,0,,0,,814
828,53.738592,-129.84512,0,0,,0,0,0,,0,0,0,0,,,0,0,0,,,,,0,0,,0,,0,,815
829,53.688531,-129.79608,0,0,,0,0,0,,0,0,0,0,,,0,0,0,,,,,0,0,,0,,0,,816
830,53.690021,-129.798392,0,0,,0,0,0,,0,0,0,0,,,0,0,0,,,,,0,0,,0,,0,,817
831,53.691396,-129.801201,0,0,,0,0,0,,0,0,0,0,,,0,0,0,,,,,0,0,,0,,0,,818
832,53.693694,-129.804367,0,0,,0,0,0,,0,0,0,0,,,0,0,0,,,,,0,0,,0,,0,,819
833,53.68269,-129.78742,0,0,,0,0,0,,0,0,0,0,,,0,0,0,,,,,0,0,,0,,0,,820
834,53.664488,-129.767611,0,0,,0,0,0,,0,0,0,0,,,0,0,0,,,,,0,0,,0,,0,,821
835,53.615226,-129.714159,0,0,,0,0,0,,0,0,0,0,,,0,0,0,,,,,0,0,,0,,0,,822
836,53.541101,-129.611279,0,0,,0,0,0,,0,0,0,0,,,0,0,0,,,,,0,0,,0,,0,,823
837,53.536803,-129.603563,0,0,,0,0,0,,0,0,0,0,,,0,0,0,,,,,0,0,,0,,0,,824
838,53.533761,-129.590833,0,0,,0,0,0,,0,0,0,0,,,0,0,0,,,,,0,0,,0,,0,,825
839,53.589083,-129.686288,0,0,,0,0,0,,0,0,0,0,,,0,0,0,,,,,0,0,,0,,0,,826
840,53.578052,-129.667867,0,0,,0,0,0,,0,0,0,0,,,0,0,0,,,,,0,0,,0,,0,,827
841,53.554114,-129.626837,0,0,,0,0,0,,0,0,0,0,,,0,0,0,,,,,0,0,,0,,0,,828
842,53.555263,-129.629033,0,0,,0,0,0,,0,0,0,0,,,0,0,0,,,,,0,0,,0,,0,,829
843,53.561302,-129.639601,0,0,,0,0,0,,0,0,0,0,,,0,0,0,,,,,0,0,,0,,0,,830
844,53.523669,-129.575749,0,0,,0,0,0,,0,0,0,0,,,0,0,0,,,,,0,0,,0,,0,,831
845,53.521489,-129.5709,0,0,,0,0,0,,0,0,0,0,,,0,0,0,,,,,0,0,,0,,0,,832
846,53.519222,-129.56559,0,0,,0,0,0,,0,0,0,0,,,0,0,0,,,,,0,0,,0,,0,,833
847,53.516045,-129.56699,0,0,,0,0,0,,0,0,0,0,,,0,0,0,,,,,0,0,,0,,0,,834
848,53.509295,-129.550387,0,0,,0,0,0,,0,0,0,0,,,0,0,0,,,,,0,0,,0,,0,,835
849,53.511604,-129.55399,0,0,,0,0,0,,0,0,0,0,,,0,0,0,,,,,0,0,,0,,0,,836
850,53.504199,-129.543149,0,0,,0,0,0,,0,0,0,0,,,0,0,0,,,,,0,0,,0,,0,,837
851,53.450346,-129.449615,0,0,,0,0,0,,0,0,0,0,,,0,0,0,,,,,0,0,,0,,0,,838
852,53.443097,-129.438538,0,0,,0,0,0,,0,0,0,0,,,0,0,0,,,,,0,0,,0,,0,,839
853,53.426158,-129.412701,0,0,,0,0,0,,0,0,0,0,,,0,0,0,,,,,0,0,,0,,0,,840
854,53.429316,-129.416961,0,0,,0,0,0,,0,0,0,0,,,0,0,0,,,,,0,0,,0,,0,,841
855,53.43089,-129.420949,0,0,,0,0,0,,0,0,0,0,,,0,0,0,,,,,0,0,,0,,0,,842
856,53.415989,-129.398466,0,0,,0,0,0,,0,0,0,0,,,0,0,0,,,,,0,0,,0,,0,,843
857,53.409713,-129.392184,0,0,,0,0,0,,0,0,0,0,,,0,0,0,,,,,0,0,,0,,0,,844
858,53.39977,-129.375185,0,0,,0,0,0,,0,0,0,0,,,0,0,0,,,,,0,0,,0,,0,,845
859,53.401463,-129.377769,0,0,,0,0,0,,0,0,0,0,,,0,0,0,,,,,0,0,,0,,0,,846
860,53.40371,-129.380797,0,0,,0,0,0,,0,0,0,0,,,0,0,0,,,,,0,0,,0,,0,,847
861,53.405301,-129.382975,0,0,,0,0,0,,0,0,0,0,,,0,0,0,,,,,0,0,,0,,0,,848
862,53.406188,-129.385004,0,0,,0,0,0,,0,0,0,0,,,0,0,0,,,,,0,0,,0,,0,,849
701,53.385415,-129.349943,0,0,,0,0,0,,0,0,0,0,,,0,0,0,,,,,0,0,,0,,0,,850
702,53.387974,-129.353506,0,0,,0,0,0,,0,0,0,0,,,0,0,0,,,,,0,0,,0,,0,,851
703,53.38908,-129.356558,0,0,,0,0,0,,0,0,0,0,,,0,0,0,,,,,0,0,,0,,0,,852
704,53.390653,-129.357983,0,0,,0,0,0,,0,0,0,0,,,0,0,0,,,,,0,0,,0,,0,,853
705,53.394106,-129.363012,0,0,,0,0,0,,0,0,0,0,,,0,0,0,,,,,0,0,,0,,0,,854
706,53.392905,-129.361618,0,0,,0,0,0,,0,0,0,0,,,0,0,0,,,,,0,0,,0,,0,,855
707,54.073476,-130.249339,0,0,,0,0,0,,0,0,0,0,,,0,0,0,,,,,0,0,,0,,0,,856
708,54.123264,-130.284061,0,0,,0,0,0,,0,0,0,0,,,0,0,0,,,,,0,0,,0,,0,,857
709,54.110038,-130.269938,0,0,,0,0,0,,0,0,0,0,,,0,0,0,,,,,0,0,,0,,0,,858
710,54.18451,-130.517219,0,0,,0,0,0,,0,0,0,0,,,0,0,0,,,,,0,0,,0,,0,,859
711,50.890548,-127.918118,0,0,,0,0,0,,0,0,0,0,,,0,0,0,,,,,0,0,,0,,0,,860
712,50.88925,-127.913761,0,0,,0,0,0,,0,0,0,0,,,0,0,0,,,,,0,0,,0,,0,,861
713,50.889144,-127.909863,0,0,,0,0,0,,0,0,0,0,,,0,0,0,,,,,0,0,,0,,0,,862
863,50.889875,-127.907406,0,0,,0,0,0,,0,0,0,0,,,0,0,0,,,,,0,0,,0,,0,,863
864,50.888683,-127.904603,0,0,,0,0,0,,0,0,0,0,,,0,0,0,,,,,0,0,,0,,0,,864
865,50.884544,-127.867943,0,0,,0,0,0,,0,0,0,0,,,0,0,0,,,,,0,0,,0,,0,,865
866,50.851662,-127.753327,0,0,,0,0,0,,0,0,0,0,,,0,0,0,,,,,0,0,,0,,0,,866
867,50.855167,-127.770755,0,0,,0,0,0,,0,0,0,0,,,0,0,0,,,,,0,0,,0,,0,,867
868,50.855064,-127.768649,0,0,,0,0,0,,0,0,0,0,,,0,0,0,,,,,0,0,,0,,0,,868
869,50.854466,-127.763356,0,0,,0,0,0,,0,0,0,0,,,0,0,0,,,,,0,0,,0,,0,,869
870,50.853741,-127.761036,0,0,,0,0,0,,0,0,0,0,,,0,0,0,,,,,0,0,,0,,0,,870
871,50.857832,-127.782723,0,0,,0,0,0,,0,0,0,0,,,0,0,0,,,,,0,0,,0,,0,,871
872,50.811463,-127.592594,0,0,,0,0,0,,0,0,0,0,,,0,0,0,,,,,0,0,,0,,0,,872
873,50.808093,-127.567518,0,0,,0,0,0,,0,0,0,0,,,0,0,0,,,,,0,0,,0,,0,,873
874,50.796549,-127.496016,0,0,,0,0,0,,0,0,0,0,,,0,0,0,,,,,0,0,,0,,0,,874
875,51.116351,-127.149703,0,0,,0,0,0,,0,0,0,0,,,0,0,0,,,,,0,0,,0,,0,,875
876,51.130222,-127.210266,0,0,,0,0,0,,0,0,0,0,,,0,0,0,,,,,0,0,,0,,0,,876
877,51.130968,-127.215341,0,0,,0,0,0,,0,0,0,0,,,0,0,0,,,,,0,0,,0,,0,,877
878,51.131369,-127.246092,0,0,,0,0,0,,0,0,0,0,,,0,0,0,,,,,0,0,,0,,0,,878
879,51.104557,-126.954832,0,0,,0,0,0,,0,0,0,0,,,0,0,0,,,,,0,0,,0,,0,,879
880,51.104336,-126.950762,0,0,,0,0,0,,0,0,0,0,,,0,0,0,,,,,0,0,,0,,0,,880
881,51.1058,-126.971693,0,0,,0,0,0,,0,0,0,0,,,0,0,0,,,,,0,0,,0,,0,,881
882,51.123927,-127.147001,0,0,,0,0,0,,0,0,0,0,,,0,0,0,,,,,0,0,,0,,0,,882
883,51.127643,-127.170556,0,0,,0,0,0,,0,0,0,0,,,0,0,0,,,,,0,0,,0,,0,,883
884,51.170997,-127.073208,0,0,,0,0,0,,0,0,0,0,,,0,0,0,,,,,0,0,,0,,0,,884
885,51.170715,-127.069462,0,0,,0,0,0,,0,0,0,0,,,0,0,0,,,,,0,0,,0,,0,,885
886,51.170658,-127.065204,0,0,,0,0,0,,0,0,0,0,,,0,0,0,,,,,0,0,,0,,0,,886
887,51.171465,-127.054412,0,0,,0,0,0,,0,0,0,0,,,0,0,0,,,,,0,0,,0,,0,,887
888,51.172264,-127.049921,0,0,,0,0,0,,0,0,0,0,,,0,0,0,,,,,0,0,,0,,0,,888
889,51.170879,-127.060763,0,0,,0,0,0,,0,0,0,0,,,0,0,0,,,,,0,0,,0,,0,,889
890,51.16451,-126.985133,0,0,,0,0,0,,0,0,0,0,,,0,0,0,,,,,0,0,,0,,0,,890
891,51.165748,-126.97527,0,0,,0,0,0,,0,0,0,0,,,0,0,0,,,,,0,0,,0,,0,,891
892,51.165499,-126.968051,0,0,,0,0,0,,0,0,0,0,,,0,0,0,,,,,0,0,,0,,0,,892
893,51.163297,-126.955365,0,0,,0,0,0,,0,0,0,0,,,0,0,0,,,,,0,0,,0,,0,,893
894,51.16365,-126.948097,0,0,,0,0,0,,0,0,0,0,,,0,0,0,,,,,0,0,,0,,0,,894
895,51.163556,-126.965912,0,0,,0,0,0,,0,0,0,0,,,0,0,0,,,,,0,0,,0,,0,,895
896,51.168853,-126.947936,0,0,,0,0,0,,0,0,0,0,,,0,0,0,,,,,0,0,,0,,0,,896
897,51.167364,-126.956332,0,0,,0,0,0,,0,0,0,0,,,0,0,0,,,,,0,0,,0,,0,,897
898,51.179403,-126.920979,0,0,,0,0,0,,0,0,0,0,,,0,0,0,,,,,0,0,,0,,0,,898
899,51.167001,-127.107693,0,0,,0,0,0,,0,0,0,0,,,0,0,0,,,,,0,0,,0,,0,,899
900,51.164914,-127.095579,0,0,,0,0,0,,0,0,0,0,,,0,0,0,,,,,0,0,,0,,0,,900
901,51.126514,-127.27616,0,0,,0,0,0,,0,0,0,0,,,0,0,0,,,,,0,0,,0,,0,,901
902,51.135101,-127.333206,0,0,,0,0,0,,0,0,0,0,,,0,0,0,,,,,0,0,,0,,0,,902
903,51.130127,-127.314712,0,0,,0,0,0,,0,0,0,0,,,0,0,0,,,,,0,0,,0,,0,,903
904,51.067251,-127.056514,0,0,,0,0,0,,0,0,0,0,,,0,0,0,,,,,0,0,,0,,0,,904
905,51.066133,-126.845098,0,0,,0,0,0,,0,0,0,0,,,0,0,0,,,,,0,0,,0,,0,,905
906,51.0661,-126.836793,0,0,,0,0,0,,0,0,0,0,,,0,0,0,,,,,0,0,,0,,0,,906
907,51.060908,-126.747611,0,0,,0,0,0,,0,0,0,0,,,0,0,0,,,,,0,0,,0,,0,,907
908,51.055509,-126.742721,0,0,,0,0,0,,0,0,0,0,,,0,0,0,,,,,0,0,,0,,0,,908
909,51.050648,-126.738755,0,0,,0,0,0,,0,0,0,0,,,0,0,0,,,,,0,0,,0,,0,,909
910,51.047141,-126.736159,0,0,,0,0,0,,0,0,0,0,,,0,0,0,,,,,0,0,,0,,0,,910
911,51.035729,-126.727442,0,0,,0,0,0,,0,0,0,0,,,0,0,0,,,,,0,0,,0,,0,,911
912,51.042771,-126.732314,0,0,,0,0,0,,0,0,0,0,,,0,0,0,,,,,0,0,,0,,0,,912
913,51.044414,-126.733942,0,0,,0,0,0,,0,0,0,0,,,0,0,0,,,,,0,0,,0,,0,,913
914,51.046178,-126.670216,0,0,,0,0,0,,0,0,0,0,,,0,0,0,,,,,0,0,,0,,0,,914
915,51.047769,-126.690632,0,0,,0,0,0,,0,0,0,0,,,0,0,0,,,,,0,0,,0,,0,,915
916,51.045718,-126.710044,0,0,,0,0,0,,0,0,0,0,,,0,0,0,,,,,0,0,,0,,0,,916
917,51.047944,-126.702582,0,0,,0,0,0,,0,0,0,0,,,0,0,0,,,,,0,0,,0,,0,,917
918,51.042493,-126.680094,0,0,,0,0,0,,0,0,0,0,,,0,0,0,,,,,0,0,,0,,0,,918
919,51.027761,-126.722702,0,0,,0,0,0,,0,0,0,0,,,0,0,0,,,,,0,0,,0,,0,,919
920,51.02107,-126.716388,0,0,,0,0,0,,0,0,0,0,,,0,0,0,,,,,0,0,,0,,0,,920
921,51.010102,-126.712744,0,0,,0,0,0,,0,0,0,0,,,0,0,0,,,,,0,0,,0,,0,,921
922,51.009852,-126.700937,0,0,,0,0,0,,0,0,0,0,,,0,0,0,,,,,0,0,,0,,0,,922
923,51.002836,-126.700671,0,0,,0,0,0,,0,0,0,0,,,0,0,0,,,,,0,0,,0,,0,,923
924,51.003003,-126.707978,0,0,,0,0,0,,0,0,0,0,,,0,0,0,,,,,0,0,,0,,0,,924
925,51.128703,-126.719278,0,0,,0,0,0,,0,0,0,0,,,0,0,0,,,,,0,0,,0,,0,,925
926,51.13711,-126.698666,0,0,,0,0,0,,0,0,0,0,,,0,0,0,,,,,0,0,,0,,0,,926
927,51.126915,-126.694659,0,0,,0,0,0,,0,0,0,0,,,0,0,0,,,,,0,0,,0,,0,,927
928,51.154261,-126.655087,0,0,,0,0,0,,0,0,0,0,,,0,0,0,,,,,0,0,,0,,0,,928
929,51.168872,-126.66529,0,0,,0,0,0,,0,0,0,0,,,0,0,0,,,,,0,0,,0,,0,,929
930,51.185835,-126.660565,0,0,,0,0,0,,0,0,0,0,,,0,0,0,,,,,0,0,,0,,0,,930
931,51.111948,-126.722747,0,0,,0,0,0,,0,0,0,0,,,0,0,0,,,,,0,0,,0,,0,,931
932,51.101249,-126.734485,0,0,,0,0,0,,0,0,0,0,,,0,0,0,,,,,0,0,,0,,0,,932
933,51.097383,-126.738674,0,0,,0,0,0,,0,0,0,0,,,0,0,0,,,,,0,0,,0,,0,,933
934,51.090726,-126.758052,0,0,,0,0,0,,0,0,0,0,,,0,0,0,,,,,0,0,,0,,0,,934
935,51.087442,-126.780409,0,0,,0,0,0,,0,0,0,0,,,0,0,0,,,,,0,0,,0,,0,,935
936,51.096592,-126.820635,0,0,,0,0,0,,0,0,0,0,,,0,0,0,,,,,0,0,,0,,0,,936
937,51.09655,-126.8135,0,0,,0,0,0,,0,0,0,0,,,0,0,0,,,,,0,0,,0,,0,,937
938,51.072007,-126.89836,0,0,,0,0,0,,0,0,0,0,,,0,0,0,,,,,0,0,,0,,0,,938
939,51.191622,-127.288637,0,0,,0,0,0,,0,0,0,0,,,0,0,0,,,,,0,0,,0,,0,,939
940,53.398465,-129.372478,0,0,,0,0,0,,0,0,0,0,,,0,0,0,,,,,0,0,,0,,0,,940
941,53.450412,-129.460082,0,0,,0,0,0,,0,0,0,0,,,0,0,0,,,,,0,0,,0,,0,,941
942,53.49491,-129.52814,0,0,,0,0,0,,0,0,0,0,,,0,0,0,,,,,0,0,,0,,0,,942
943,53.499184,-129.534032,0,0,,0,0,0,,0,0,0,0,,,0,0,0,,,,,0,0,,0,,0,,943
944,53.501588,-129.538357,0,0,,0,0,0,,0,0,0,0,,,0,0,0,,,,,0,0,,0,,0,,944
945,53.526141,-129.585626,0,0,,0,0,0,,0,0,0,0,,,0,0,0,,,,,0,0,,0,,0,,945
946,53.549092,-129.617952,0,0,,0,0,0,,0,0,0,0,,,0,0,0,,,,,0,0,,0,,0,,946
947,53.550159,-129.620148,0,0,,0,0,0,,0,0,0,0,,,0,0,0,,,,,0,0,,0,,0,,947
948,53.568247,-129.650784,0,0,,0,0,0,,0,0,0,0,,,0,0,0,,,,,0,0,,0,,0,,948
949,53.563394,-129.643193,0,0,,0,0,0,,0,0,0,0,,,0,0,0,,,,,0,0,,0,,0,,949
950,53.559441,-129.6368,0,0,,0,0,0,,0,0,0,0,,,0,0,0,,,,,0,0,,0,,0,,950
951,53.572623,-129.655811,0,0,,0,0,0,,0,0,0,0,,,0,0,0,,,,,0,0,,0,,0,,951
952,53.571796,-129.658188,0,0,,0,0,0,,0,0,0,0,,,0,0,0,,,,,0,0,,0,,0,,952
953,53.569257,-129.655295,0,0,,0,0,0,,0,0,0,0,,,0,0,0,,,,,0,0,,0,,0,,953
954,53.57143,-129.653746,0,0,,0,0,0,,0,0,0,0,,,0,0,0,,,,,0,0,,0,,0,,954
955,53.576274,-129.661258,0,0,,0,0,0,,0,0,0,0,,,0,0,0,,,,,0,0,,0,,0,,955
956,53.574694,-129.663415,0,0,,0,0,0,,0,0,0,0,,,0,0,0,,,,,0,0,,0,,0,,956
957,53.586868,-129.679558,0,0,,0,0,0,,0,0,0,0,,,0,0,0,,,,,0,0,,0,,0,,957
958,50.849155,-127.729034,0,0,,0,0,0,,0,0,0,0,,,0,0,0,,,,,0,0,,0,,0,,958
959,50.848917,-127.723449,0,0,,0,0,0,,0,0,0,0,,,0,0,0,,,,,0,0,,0,,0,,959
960,50.848053,-127.716913,0,0,,0,0,0,,0,0,0,0,,,0,0,0,,,,,0,0,,0,,0,,960
961,50.846616,-127.711704,0,0,,0,0,0,,0,0,0,0,,,0,0,0,,,,,0,0,,0,,0,,961
962,50.850791,-127.738332,0,0,,0,0,0,,0,0,0,0,,,0,0,0,,,,,0,0,,0,,0,,962
963,50.844264,-127.79572,0,0,,0,0,0,,0,0,0,0,,,0,0,0,,,,,0,0,,0,,0,,963
964,50.818027,-127.671148,0,0,,0,0,0,,0,0,0,0,,,0,0,0,,,,,0,0,,0,,0,,964
965,50.818734,-127.676273,0,0,,0,0,0,,0,0,0,0,,,0,0,0,,,,,0,0,,0,,0,,965
966,53.844042,-128.628164,0,0,,0,0,0,,0,0,0,0,,,0,0,0,,,,,0,0,,0,,0,,966
967,53.847898,-128.618441,0,0,,0,0,0,,0,0,0,0,,,0,0,0,,,,,0,0,,0,,0,,967
968,53.836056,-128.609308,0,0,,0,0,0,,0,0,0,0,,,0,0,0,,,,,0,0,,0,,0,,968
969,53.834684,-128.603136,0,0,,0,0,0,,0,0,0,0,,,0,0,0,,,,,0,0,,0,,0,,969
970,53.833998,-128.595395,0,0,,0,0,0,,0,0,0,0,,,0,0,0,,,,,0,0,,0,,0,,970
971,53.834061,-128.598694,0,0,,0,0,0,,0,0,0,0,,,0,0,0,,,,,0,0,,0,,0,,971
972,53.836139,-128.547145,0,0,,0,0,0,,0,0,0,0,,,0,0,0,,,,,0,0,,0,,0,,972
973,53.833053,-128.579167,0,0,,0,0,0,,0,0,0,0,,,0,0,0,,,,,0,0,,0,,0,,973
974,53.858941,-128.63824,0,0,,0,0,0,,0,0,0,0,,,0,0,0,,,,,0,0,,0,,0,,974
975,50.545964,-126.770245,0,0,,0,0,0,,0,0,0,0,,,0,0,0,,,,,0,0,,0,,0,,975
976,50.524659,-126.689567,0,0,,0,0,0,,0,0,0,0,,,0,0,0,,,,,0,0,,0,,0,,976
977,50.518778,-126.663752,0,0,,0,0,0,,0,0,0,0,,,0,0,0,,,,,0,0,,0,,0,,977
978,50.516767,-126.659086,0,0,,0,0,0,,0,0,0,0,,,0,0,0,,,,,0,0,,0,,0,,978
979,50.515102,-126.652342,0,0,,0,0,0,,0,0,0,0,,,0,0,0,,,,,0,0,,0,,0,,979
980,50.508834,-126.639815,0,0,,0,0,0,,0,0,0,0,,,0,0,0,,,,,0,0,,0,,0,,980
981,50.507244,-126.627298,0,0,,0,0,0,,0,0,0,0,,,0,0,0,,,,,0,0,,0,,0,,981
982,50.502474,-126.619485,0,0,,0,0,0,,0,0,0,0,,,0,0,0,,,,,0,0,,0,,0,,982
983,50.489369,-126.602807,0,0,,0,0,0,,0,0,0,0,,,0,0,0,,,,,0,0,,0,,0,,983
984,50.488164,-126.584462,0,0,,0,0,0,,0,0,0,0,,,0,0,0,,,,,0,0,,0,,0,,984
985,50.493797,-126.500824,0,0,,0,0,0,,0,0,0,0,,,0,0,0,,,,,0,0,,0,,0,,985
986,50.488681,-126.401624,0,0,,0,0,0,,0,0,0,0,,,0,0,0,,,,,0,0,,0,,0,,986
987,50.487566,-126.368266,0,0,,0,0,0,,0,0,0,0,,,0,0,0,,,,,0,0,,0,,0,,987
988,50.485379,-126.332146,0,0,,0,0,0,,0,0,0,0,,,0,0,0,,,,,0,0,,0,,0,,988
989,50.477225,-126.287835,0,0,,0,0,0,,0,0,0,0,,,0,0,0,,,,,0,0,,0,,0,,989
990,50.47659,-126.269958,0,0,,0,0,0,,0,0,0,0,,,0,0,0,,,,,0,0,,0,,0,,990
991,50.462895,-126.165941,0,0,,0,0,0,,0,0,0,0,,,0,0,0,,,,,0,0,,0,,0,,991
992,50.45845,-126.115326,0,0,,0,0,0,,0,0,0,0,,,0,0,0,,,,,0,0,,0,,0,,992
993,50.415585,-125.984807,0,0,,0,0,0,,0,0,0,0,,,0,0,0,,,,,0,0,,0,,0,,993
994,50.369284,-125.762571,0,0,,0,0,0,,0,0,0,0,,,0,0,0,,,,,0,0,,0,,0,,994
995,50.345252,-125.519464,0,0,,0,0,0,,0,0,0,0,,,0,0,0,,,,,0,0,,0,,0,,995
996,50.335559,-125.480598,0,0,,0,0,0,,0,0,0,0,,,0,0,0,,,,,0,0,,0,,0,,996
997,50.332964,-125.476599,0,0,,0,0,0,,0,0,0,0,,,0,0,0,,,,,0,0,,0,,0,,997
998,50.243416,-125.393464,0,0,,0,0,0,,0,0,0,0,,,0,0,0,,,,,0,0,,0,,0,,998
999,50.224498,-125.383084,0,0,,0,0,0,,0,0,0,0,,,0,0,0,,,,,0,0,,0,,0,,999
1000,50.210613,-125.381273,0,0,,0,0,0,,0,0,0,0,,,0,0,0,,,,,0,0,,0,,0,,1000
1001,50.19727,-125.377231,0,0,,0,0,0,,0,0,0,0,,,0,0,0,,,,,0,0,,0,,0,,1001
1002,50.177287,-125.373913,0,0,,0,0,0,,0,0,0,0,,,0,0,0,,,,,0,0,,0,,0,,1002
1003,53.676453,-129.13601,0,0,,0,0,0,,0,0,0,0,,,0,0,0,,,,,0,0,,0,,0,,1003
1004,53.664626,-129.157506,0,0,,0,0,0,,0,0,0,0,,,0,0,0,,,,,0,0,,0,,0,,1004
1005,53.67152,-129.140902,0,0,,0,0,0,,0,0,0,0,,,0,0,0,,,,,0,0,,0,,0,,1005
1021,53.516853,-129.229437,0,0,,0,0,0,,0,0,0,0,,,0,0,0,,,,,0,0,,0,,0,,1006
1045,53.531304,-129.231412,0,0,,0,0,0,,0,0,0,0,,,0,0,0,,,,,0,0,,0,,0,,1007
1046,53.527689,-129.231631,0,0,,0,0,0,,0,0,0,0,,,0,0,0,,,,,0,0,,0,,0,,1008
1047,53.099625,-129.202375,0,0,,0,0,0,,0,0,0,0,,,0,0,0,,,,,0,0,,0,,0,,1009
1048,53.31021,-129.293801,0,0,,0,0,0,,0,0,0,0,,,0,0,0,,,,,0,0,,0,,0,,1010
1049,53.315242,-129.026884,0,0,,0,0,0,,0,0,0,0,,,0,0,0,,,,,0,0,,0,,0,,1011
1050,53.445779,-129.232252,0,0,,0,0,0,,0,0,0,0,,,0,0,0,,,,,0,0,,0,,0,,1012
1051,53.504394,-129.234159,0,0,,0,0,0,,0,0,0,0,,,0,0,0,,,,,0,0,,0,,0,,1013
1052,53.364409,-129.306337,0,0,,0,0,0,,0,0,0,0,,,0,0,0,,,,,0,0,,0,,0,,1014
1053,53.32003,-129.217166,0,0,,0,0,0,,0,0,0,0,,,0,0,0,,,,,0,0,,0,,0,,1015
1054,50.683272,-126.923617,0,0,,0,0,0,,0,0,0,0,,,0,0,0,,,,,0,0,,0,,0,,1016
1055,50.366638,-125.636881,0,0,,0,0,0,,0,0,0,0,,,0,0,0,,,,,0,0,,0,,0,,1017
1056,50.788529,-125.605136,0,0,,0,0,0,,0,0,0,0,,,0,0,0,,,,,0,0,,0,,0,,1018
1057,50.781426,-125.613795,0,0,,0,0,0,,0,0,0,0,,,0,0,0,,,,,0,0,,0,,0,,1019
1058,50.804622,-125.605112,0,0,,0,0,0,,0,0,0,0,,,0,0,0,,,,,0,0,,0,,0,,1020
1059,53.40743,-129.188598,0,0,,0,0,0,,0,0,0,0,,,0,0,0,,,,,0,0,,0,,0,,1021
1060,50.961974,-125.51826,0,0,,0,0,0,,0,0,0,0,,,0,0,0,,,,,0,0,,0,,0,,1022
1061,50.924807,-125.523022,0,0,,0,0,0,,0,0,0,0,,,0,0,0,,,,,0,0,,0,,0,,1023
1062,50.914352,-125.527671,0,0,,0,0,0,,0,0,0,0,,,0,0,0,,,,,0,0,,0,,0,,1024
1063,50.913341,-125.528611,0,0,,0,0,0,,0,0,0,0,,,0,0,0,,,,,0,0,,0,,0,,1025
1064,50.912897,-125.532563,0,0,,0,0,0,,0,0,0,0,,,0,0,0,,,,,0,0,,0,,0,,1026
1065,50.867191,-125.632801,0,0,,0,0,0,,0,0,0,0,,,0,0,0,,,,,0,0,,0,,0,,1027
1066,53.4252,-129.19383,0,0,,0,0,0,,0,0,0,0,,,0,0,0,,,,,0,0,,0,,0,,1028
1067,53.501474,-129.236645,0,0,,0,0,0,,0,0,0,0,,,0,0,0,,,,,0,0,,0,,0,,1029
1068,53.581585,-129.187272,0,0,,0,0,0,,0,0,0,0,,,0,0,0,,,,,0,0,,0,,0,,1030
1069,53.578012,-129.185672,0,0,,0,0,0,,0,0,0,0,,,0,0,0,,,,,0,0,,0,,0,,1031
1070,53.563167,-129.183753,0,0,,0,0,0,,0,0,0,0,,,0,0,0,,,,,0,0,,0,,0,,1032
1071,53.566042,-129.183609,0,0,,0,0,0,,0,0,0,0,,,0,0,0,,,,,0,0,,0,,0,,1033
1072,53.568989,-129.183732,0,0,,0,0,0,,0,0,0,0,,,0,0,0,,,,,0,0,,0,,0,,1034
1073,53.73689,-129.053749,0,0,,0,0,0,,0,0,0,0,,,0,0,0,,,,,0,0,,0,,0,,1035
1074,53.758941,-129.002187,0,0,,0,0,0,,0,0,0,0,,,0,0,0,,,,,0,0,,0,,0,,1036
1075,53.834001,-128.563333,0,0,,0,0,0,,0,0,0,0,,,0,0,0,,,,,0,0,,0,,0,,1037
1076,53.720725,-128.795931,0,0,,0,0,0,,0,0,0,0,,,0,0,0,,,,,0,0,,0,,0,,1038
1077,53.712828,-128.792083,0,0,,0,0,0,,0,0,0,0,,,0,0,0,,,,,0,0,,0,,0,,1039
1078,53.724182,-129.024403,0,0,,0,0,0,,0,0,0,0,,,0,0,0,,,,,0,0,,0,,0,,1040
1079,53.664203,-129.107984,0,0,,0,0,0,,0,0,0,0,,,0,0,0,,,,,0,0,,0,,0,,1041
1080,53.647595,-129.142459,0,0,,0,0,0,,0,0,0,0,,,0,0,0,,,,,0,0,,0,,0,,1042
1081,53.650639,-129.127838,0,0,,0,0,0,,0,0,0,0,,,0,0,0,,,,,0,0,,0,,0,,1043
1082,53.654665,-129.123104,0,0,,0,0,0,,0,0,0,0,,,0,0,0,,,,,0,0,,0,,0,,1044
1083,53.380065,-129.340423,0,0,,0,0,0,,0,0,0,0,,,0,0,0,,,,,0,0,,0,,0,,1045
1084,53.452281,-129.452991,0,0,,0,0,0,,0,0,0,0,,,0,0,0,,,,,0,0,,0,,0,,1046
1085,53.432392,-129.4242,0,0,,0,0,0,,0,0,0,0,,,0,0,0,,,,,0,0,,0,,0,,1047
1086,53.438722,-129.432572,0,0,,0,0,0,,0,0,0,0,,,0,0,0,,,,,0,0,,0,,0,,1048
1087,53.434631,-129.427348,0,0,,0,0,0,,0,0,0,0,,,0,0,0,,,,,0,0,,0,,0,,1049
1088,53.506702,-129.546389,0,0,,0,0,0,,0,0,0,0,,,0,0,0,,,,,0,0,,0,,0,,1050
1089,53.49356,-129.535905,0,0,,0,0,0,,0,0,0,0,,,0,0,0,,,,,0,0,,0,,0,,1051
1090,53.551273,-129.627957,0,0,,0,0,0,,0,0,0,0,,,0,0,0,,,,,0,0,,0,,0,,1052
1091,53.487574,-129.517041,0,0,,0,0,0,,0,0,0,0,,,0,0,0,,,,,0,0,,0,,0,,1053
1092,53.480629,-129.066392,0,0,,0,0,0,,0,0,0,0,,,0,0,0,,,,,0,0,,0,,0,,1054
1093,53.454824,-129.059152,0,0,,0,0,0,,0,0,0,0,,,0,0,0,,,,,0,0,,0,,0,,1055
1094,53.448894,-129.060254,0,0,,0,0,0,,0,0,0,0,,,0,0,0,,,,,0,0,,0,,0,,1056
1095,53.443466,-129.064106,0,0,,0,0,0,,0,0,0,0,,,0,0,0,,,,,0,0,,0,,0,,1057
1096,53.43974,-129.069704,0,0,,0,0,0,,0,0,0,0,,,0,0,0,,,,,0,0,,0,,0,,1058
1097,53.464621,-129.059425,0,0,,0,0,0,,0,0,0,0,,,0,0,0,,,,,0,0,,0,,0,,1059
1098,53.512715,-129.072461,0,0,,0,0,0,,0,0,0,0,,,0,0,0,,,,,0,0,,0,,0,,1060
1099,53.497204,-128.989584,0,0,,0,0,0,,0,0,0,0,,,0,0,0,,,,,0,0,,0,,0,,1061
1100,53.545459,-129.027709,0,0,,0,0,0,,0,0,0,0,,,0,0,0,,,,,0,0,,0,,0,,1062
1101,53.480687,-129.095481,0,0,,0,0,0,,0,0,0,0,,,0,0,0,,,,,0,0,,0,,0,,1063
1102,53.941184,-130.17222,0,0,,0,0,0,,0,0,0,0,,,0,0,0,,,,,0,0,,0,,0,,1064
1103,53.865924,-128.722214,0,0,,0,0,0,,0,0,0,0,,,0,0,0,,,,,0,0,,0,,0,,1065
1104,50.78149,-127.516018,0,0,,0,0,0,,0,0,0,0,,,0,0,0,,,,,0,0,,0,,0,,1066
1105,50.257104,-125.39474,0,0,,0,0,0,,0,0,0,0,,,0,0,0,,,,,0,0,,0,,0,,1067
1106,50.708594,-125.692017,0,0,,0,0,0,,0,0,0,0,,,0,0,0,,,,,0,0,,0,,0,,1068
1107,50.868673,-125.564361,0,0,,0,0,0,,0,0,0,0,,,0,0,0,,,,,0,0,,0,,0,,1069
1108,50.888396,-125.540468,0,0,,0,0,0,,0,0,0,0,,,0,0,0,,,,,0,0,,0,,0,,1070
1109,51.112743,-127.125211,0,0,,0,0,0,,0,0,0,0,,,0,0,0,,,,,0,0,,0,,0,,1071
1110,53.815212,-128.71177,0,0,,0,0,0,,0,0,0,0,,,0,0,0,,,,,0,0,,0,,0,,1072
1111,53.776025,-128.82075,0,0,,0,0,0,,0,0,0,0,,,0,0,0,,,,,0,0,,0,,0,,1073
1112,53.748813,-128.958214,0,0,,0,0,0,,0,0,0,0,,,0,0,0,,,,,0,0,,0,,0,,1074
1113,53.753927,-128.944494,0,0,,0,0,0,,0,0,0,0,,,0,0,0,,,,,0,0,,0,,0,,1075
1114,53.805474,-129.985796,0,0,,0,0,0,,0,0,0,0,,,0,0,0,,,,,0,0,,0,,0,,1076
1115,53.802151,-129.977165,0,0,,0,0,0,,0,0,0,0,,,0,0,0,,,,,0,0,,0,,0,,1077
1116,51.171417,-127.037972,0,0,,0,0,0,,0,0,0,0,,,0,0,0,,,,,0,0,,0,,0,,1078
1117,53.756797,-128.934185,0,0,,0,0,0,,0,0,0,0,,,0,0,0,,,,,0,0,,0,,0,,1079
1118,53.744618,-128.970442,0,0,,0,0,0,,0,0,0,0,,,0,0,0,,,,,0,0,,0,,0,,1080
1119,53.765198,-128.976414,0,0,,0,0,0,,0,0,0,0,,,0,0,0,,,,,0,0,,0,,0,,1081
1120,51.061743,-127.037096,0,0,,0,0,0,,0,0,0,0,,,0,0,0,,,,,0,0,,0,,0,,1082
1121,51.055693,-127.065115,0,0,,0,0,0,,0,0,0,0,,,0,0,0,,,,,0,0,,0,,0,,1083
1122,51.05279,-127.089384,0,0,,0,0,0,,0,0,0,0,,,0,0,0,,,,,0,0,,0,,0,,1084
1123,51.048901,-127.122679,0,0,,0,0,0,,0,0,0,0,,,0,0,0,,,,,0,0,,0,,0,,1085
1124,51.043939,-127.212204,0,0,,0,0,0,,0,0,0,0,,,0,0,0,,,,,0,0,,0,,0,,1086
1125,51.044788,-127.288344,0,0,,0,0,0,,0,0,0,0,,,0,0,0,,,,,0,0,,0,,0,,1087
1126,51.044649,-127.254286,0,0,,0,0,0,,0,0,0,0,,,0,0,0,,,,,0,0,,0,,0,,1088
1127,51.050449,-127.263393,0,0,,0,0,0,,0,0,0,0,,,0,0,0,,,,,0,0,,0,,0,,1089
1128,51.050918,-127.207371,0,0,,0,0,0,,0,0,0,0,,,0,0,0,,,,,0,0,,0,,0,,1090
1129,51.043284,-127.151171,0,0,,0,0,0,,0,0,0,0,,,0,0,0,,,,,0,0,,0,,0,,1091
1130,51.057806,-126.997123,0,0,,0,0,0,,0,0,0,0,,,0,0,0,,,,,0,0,,0,,0,,1092
1131,51.057461,-126.987591,0,0,,0,0,0,,0,0,0,0,,,0,0,0,,,,,0,0,,0,,0,,1093
1132,51.057405,-126.970353,0,0,,0,0,0,,0,0,0,0,,,0,0,0,,,,,0,0,,0,,0,,1094
1133,51.05756,-126.961107,0,0,,0,0,0,,0,0,0,0,,,0,0,0,,,,,0,0,,0,,0,,1095
1134,51.060393,-126.734997,0,0,,0,0,0,,0,0,0,0,,,0,0,0,,,,,0,0,,0,,0,,1096
1135,51.036217,-126.71044,0,0,,0,0,0,,0,0,0,0,,,0,0,0,,,,,0,0,,0,,0,,1097
1136,51.01536,-126.702795,0,0,,0,0,0,,0,0,0,0,,,0,0,0,,,,,0,0,,0,,0,,1098
1137,51.022821,-126.705994,0,0,,0,0,0,,0,0,0,0,,,0,0,0,,,,,0,0,,0,,0,,1099
1138,51.030931,-126.71114,0,0,,0,0,0,,0,0,0,0,,,0,0,0,,,,,0,0,,0,,0,,1100
1139,50.996429,-126.702016,0,0,,0,0,0,,0,0,0,0,,,0,0,0,,,,,0,0,,0,,0,,1101
1140,51.137911,-127.494262,0,0,,0,0,0,,0,0,0,0,,,0,0,0,,,,,0,0,,0,,0,,1102
1141,51.12707,-127.464828,0,0,,0,0,0,,0,0,0,0,,,0,0,0,,,,,0,0,,0,,0,,1103
1142,51.125658,-127.4482,0,0,,0,0,0,,0,0,0,0,,,0,0,0,,,,,0,0,,0,,0,,1104
1143,51.125874,-127.399297,0,0,,0,0,0,,0,0,0,0,,,0,0,0,,,,,0,0,,0,,0,,1105
1144,51.127234,-127.347938,0,0,,0,0,0,,0,0,0,0,,,0,0,0,,,,,0,0,,0,,0,,1106
1145,51.136522,-127.306278,0,0,,0,0,0,,0,0,0,0,,,0,0,0,,,,,0,0,,0,,0,,1107
1146,51.134751,-127.340832,0,0,,0,0,0,,0,0,0,0,,,0,0,0,,,,,0,0,,0,,0,,1108
1147,51.135746,-127.277755,0,0,,0,0,0,,0,0,0,0,,,0,0,0,,,,,0,0,,0,,0,,1109
1148,51.131233,-127.257389,0,0,,0,0,0,,0,0,0,0,,,0,0,0,,,,,0,0,,0,,0,,1110
1149,51.125077,-127.235939,0,0,,0,0,0,,0,0,0,0,,,0,0,0,,,,,0,0,,0,,0,,1111
1150,51.125477,-127.218458,0,0,,0,0,0,,0,0,0,0,,,0,0,0,,,,,0,0,,0,,0,,1112
1151,51.131269,-127.224304,0,0,,0,0,0,,0,0,0,0,,,0,0,0,,,,,0,0,,0,,0,,1113
1152,51.130393,-127.191223,0,0,,0,0,0,,0,0,0,0,,,0,0,0,,,,,0,0,,0,,0,,1114
1153,51.130164,-127.179311,0,0,,0,0,0,,0,0,0,0,,,0,0,0,,,,,0,0,,0,,0,,1115
1006,51.125624,-127.165387,0,0,,0,0,0,,0,0,0,0,,,0,0,0,,,,,0,0,,0,,0,,1116
1007,51.118625,-127.174538,0,0,,0,0,0,,0,0,0,0,,,0,0,0,,,,,0,0,,0,,0,,1117
1008,51.111916,-126.986564,0,0,,0,0,0,,0,0,0,0,,,0,0,0,,,,,0,0,,0,,0,,1118
1009,51.111126,-127.004328,0,0,,0,0,0,,0,0,0,0,,,0,0,0,,,,,0,0,,0,,0,,1119
1010,51.111714,-127.027033,0,0,,0,0,0,,0,0,0,0,,,0,0,0,,,,,0,0,,0,,0,,1120
1011,51.100584,-126.814643,0,0,,0,0,0,,0,0,0,0,,,0,0,0,,,,,0,0,,0,,0,,1121
1012,51.091795,-126.865607,0,0,,0,0,0,,0,0,0,0,,,0,0,0,,,,,0,0,,0,,0,,1122
1013,51.06684,-126.818318,0,0,,0,0,0,,0,0,0,0,,,0,0,0,,,,,0,0,,0,,0,,1123
1014,51.06248,-126.930422,0,0,,0,0,0,,0,0,0,0,,,0,0,0,,,,,0,0,,0,,0,,1124
1015,51.065904,-126.965868,0,0,,0,0,0,,0,0,0,0,,,0,0,0,,,,,0,0,,0,,0,,1125
1016,51.064323,-126.977794,0,0,,0,0,0,,0,0,0,0,,,0,0,0,,,,,0,0,,0,,0,,1126
1017,51.067889,-126.941633,0,0,,0,0,0,,0,0,0,0,,,0,0,0,,,,,0,0,,0,,0,,1127
1018,51.068707,-126.785741,0,0,,0,0,0,,0,0,0,0,,,0,0,0,,,,,0,0,,0,,0,,1128
1019,51.071461,-126.782809,0,0,,0,0,0,,0,0,0,0,,,0,0,0,,,,,0,0,,0,,0,,1129
1020,51.073452,-126.77975,0,0,,0,0,0,,0,0,0,0,,,0,0,0,,,,,0,0,,0,,0,,1130
1154,51.074889,-126.7766,0,0,,0,0,0,,0,0,0,0,,,0,0,0,,,,,0,0,,0,,0,,1131
1155,51.075124,-126.779852,0,0,,0,0,0,,0,0,0,0,,,0,0,0,,,,,0,0,,0,,0,,1132
1156,51.072867,-127.02248,0,0,,0,0,0,,0,0,0,0,,,0,0,0,,,,,0,0,,0,,0,,1133
1157,53.385596,-129.181606,0,0,,0,0,0,,0,0,0,0,,,0,0,0,,,,,0,0,,0,,0,,1134
1158,51.357218,-127.146483,0,0,,0,0,0,,0,0,0,0,,,0,0,0,,,,,0,0,,0,,0,,1135
1159,51.364098,-127.118905,0,0,,0,0,0,,0,0,0,0,,,0,0,0,,,,,0,0,,0,,0,,1136
1160,51.353553,-127.102775,0,0,,0,0,0,,0,0,0,0,,,0,0,0,,,,,0,0,,0,,0,,1137
1161,51.353714,-127.088074,0,0,,0,0,0,,0,0,0,0,,,0,0,0,,,,,0,0,,0,,0,,1138
1162,51.35484,-127.094895,0,0,,0,0,0,,0,0,0,0,,,0,0,0,,,,,0,0,,0,,0,,1139
1163,51.352663,-127.06968,0,0,,0,0,0,,0,0,0,0,,,0,0,0,,,,,0,0,,0,,0,,1140
1164,54.01916,-130.219629,0,0,,0,0,0,,0,0,0,0,,,0,0,0,,,,,0,0,,0,,0,,1141
1165,54.021725,-130.22021,0,0,,0,0,0,,0,0,0,0,,,0,0,0,,,,,0,0,,0,,0,,1142
1166,54.018038,-130.217787,0,0,,0,0,0,,0,0,0,0,,,0,0,0,,,,,0,0,,0,,0,,1143
1167,54.025625,-130.220319,0,0,,0,0,0,,0,0,0,0,,,0,0,0,,,,,0,0,,0,,0,,1144
1168,53.953589,-130.181127,0,0,,0,0,0,,0,0,0,0,,,0,0,0,,,,,0,0,,0,,0,,1145
1169,53.705453,-129.075419,0,0,,0,0,0,,0,0,0,0,,,0,0,0,,,,,0,0,,0,,0,,1146
1022,53.414354,-129.411662,0,0,,0,0,0,,0,0,0,0,,,0,0,0,,,,,0,0,,0,,0,,1147
1023,53.772625,-128.909257,0,0,,0,0,0,,0,0,0,0,,,0,0,0,,,,,0,0,,0,,0,,1148
1024,53.779579,-128.883869,0,0,,0,0,0,,0,0,0,0,,,0,0,0,,,,,0,0,,0,,0,,1149
1025,53.427469,-129.092696,0,0,,0,0,0,,0,0,0,0,,,0,0,0,,,,,0,0,,0,,0,,1150
1026,53.488558,-129.097024,0,0,,0,0,0,,0,0,0,0,,,0,0,0,,,,,0,0,,0,,0,,1151
1027,53.503928,-129.088055,0,0,,0,0,0,,0,0,0,0,,,0,0,0,,,,,0,0,,0,,0,,1152
1028,51.126279,-127.139566,0,0,,0,0,0,,0,0,0,0,,,0,0,0,,,,,0,0,,0,,0,,1153
1029,51.113343,-127.051097,0,0,,0,0,0,,0,0,0,0,,,0,0,0,,,,,0,0,,0,,0,,1154
1030,51.056547,-126.977837,0,0,,0,0,0,,0,0,0,0,,,0,0,0,,,,,0,0,,0,,0,,1155
1031,51.061678,-127.021992,0,0,,0,0,0,,0,0,0,0,,,0,0,0,,,,,0,0,,0,,0,,1156
1032,51.368176,-127.127602,0,0,,0,0,0,,0,0,0,0,,,0,0,0,,,,,0,0,,0,,0,,1157
1033,51.369354,-127.113988,0,0,,0,0,0,,0,0,0,0,,,0,0,0,,,,,0,0,,0,,0,,1158
1034,51.367123,-127.11429,0,0,,0,0,0,,0,0,0,0,,,0,0,0,,,,,0,0,,0,,0,,1159
1035,51.371021,-127.119986,0,0,,0,0,0,,0,0,0,0,,,0,0,0,,,,,0,0,,0,,0,,1160
1036,51.362367,-127.148681,0,0,,0,0,0,,0,0,0,0,,,0,0,0,,,,,0,0,,0,,0,,1161
1037,51.363784,-127.145944,0,0,,0,0,0,,0,0,0,0,,,0,0,0,,,,,0,0,,0,,0,,1162
1038,51.363379,-127.142395,0,0,,0,0,0,,0,0,0,0,,,0,0,0,,,,,0,0,,0,,0,,1163
1039,51.363088,-127.127915,0,0,,0,0,0,,0,0,0,0,,,0,0,0,,,,,0,0,,0,,0,,1164
1040,51.364035,-127.140172,0,0,,0,0,0,,0,0,0,0,,,0,0,0,,,,,0,0,,0,,0,,1165
1041,51.367181,-127.134117,0,0,,0,0,0,,0,0,0,0,,,0,0,0,,,,,0,0,,0,,0,,1166
1042,51.356462,-127.106888,0,0,,0,0,0,,0,0,0,0,,,0,0,0,,,,,0,0,,0,,0,,1167
1043,51.35337,-127.079482,0,0,,0,0,0,,0,0,0,0,,,0,0,0,,,,,0,0,,0,,0,,1168
1044,51.352967,-127.097948,0,0,,0,0,0,,0,0,0,0,,,0,0,0,,,,,0,0,,0,,0,,1169
1170,51.358703,-127.155747,0,0,,0,0,0,,0,0,0,0,,,0,0,0,,,,,0,0,,0,,0,,1170
1171,51.355532,-127.155307,0,0,,0,0,0,,0,0,0,0,,,0,0,0,,,,,0,0,,0,,0,,1171
1172,51.354935,-127.149492,0,0,,0,0,0,,0,0,0,0,,,0,0,0,,,,,0,0,,0,,0,,1172
1173,51.336339,-127.169204,0,0,,0,0,0,,0,0,0,0,,,0,0,0,,,,,0,0,,0,,0,,1173
1174,51.320059,-127.200704,0,0,,0,0,0,,0,0,0,0,,,0,0,0,,,,,0,0,,0,,0,,1174
1175,51.317862,-127.206781,0,0,,0,0,0,,0,0,0,0,,,0,0,0,,,,,0,0,,0,,0,,1175
1176,51.310912,-127.20955,0,0,,0,0,0,,0,0,0,0,,,0,0,0,,,,,0,0,,0,,0,,1176
1177,51.310256,-127.214218,0,0,,0,0,0,,0,0,0,0,,,0,0,0,,,,,0,0,,0,,0,,1177
1178,51.312594,-127.202788,0,0,,0,0,0,,0,0,0,0,,,0,0,0,,,,,0,0,,0,,0,,1178
1179,51.308307,-127.229991,0,0,,0,0,0,,0,0,0,0,,,0,0,0,,,,,0,0,,0,,0,,1179
1180,51.306238,-127.238157,0,0,,0,0,0,,0,0,0,0,,,0,0,0,,,,,0,0,,0,,0,,1180
1181,51.311654,-127.231412,0,0,,0,0,0,,0,0,0,0,,,0,0,0,,,,,0,0,,0,,0,,1181
1182,51.305779,-127.246431,0,0,,0,0,0,,0,0,0,0,,,0,0,0,,,,,0,0,,0,,0,,1182
1183,51.304714,-127.24873,0,0,,0,0,0,,0,0,0,0,,,0,0,0,,,,,0,0,,0,,0,,1183
1184,51.310381,-127.245196,0,0,,0,0,0,,0,0,0,0,,,0,0,0,,,,,0,0,,0,,0,,1184
1185,51.299105,-127.27734,0,0,,0,0,0,,0,0,0,0,,,0,0,0,,,,,0,0,,0,,0,,1185
1186,51.29747,-127.283101,0,0,,0,0,0,,0,0,0,0,,,0,0,0,,,,,0,0,,0,,0,,1186
1187,51.304125,-127.254423,0,0,,0,0,0,,0,0,0,0,,,0,0,0,,,,,0,0,,0,,0,,1187
1188,51.29601,-127.294099,0,0,,0,0,0,,0,0,0,0,,,0,0,0,,,,,0,0,,0,,0,,1188
1189,51.294985,-127.303988,0,0,,0,0,0,,0,0,0,0,,,0,0,0,,,,,0,0,,0,,0,,1189
1190,51.293919,-127.351672,0,0,,0,0,0,,0,0,0,0,,,0,0,0,,,,,0,0,,0,,0,,1190
1191,51.293064,-127.343619,0,0,,0,0,0,,0,0,0,0,,,0,0,0,,,,,0,0,,0,,0,,1191
1192,51.295656,-127.362345,0,0,,0,0,0,,0,0,0,0,,,0,0,0,,,,,0,0,,0,,0,,1192
1193,51.304261,-127.454087,0,0,,0,0,0,,0,0,0,0,,,0,0,0,,,,,0,0,,0,,0,,1193
1194,51.302703,-127.473543,0,0,,0,0,0,,0,0,0,0,,,0,0,0,,,,,0,0,,0,,0,,1194
1195,50.690132,-125.748952,0,0,,0,0,0,,0,0,0,0,,,0,0,0,,,,,0,0,,0,,0,,1195
1196,50.709384,-125.716061,0,0,,0,0,0,,0,0,0,0,,,0,0,0,,,,,0,0,,0,,0,,1196
1197,50.830999,-125.67667,0,0,,0,0,0,,0,0,0,0,,,0,0,0,,,,,0,0,,0,,0,,1197
1198,50.835001,-125.678768,0,0,,0,0,0,,0,0,0,0,,,0,0,0,,,,,0,0,,0,,0,,1198
1199,50.873168,-125.594704,0,0,,0,0,0,,0,0,0,0,,,0,0,0,,,,,0,0,,0,,0,,1199
1200,50.899612,-125.587094,0,0,,0,0,0,,0,0,0,0,,,0,0,0,,,,,0,0,,0,,0,,1200
1201,50.914885,-125.564427,0,0,,0,0,0,,0,0,0,0,,,0,0,0,,,,,0,0,,0,,0,,1201
1202,51.055115,-125.545689,0,0,,0,0,0,,0,0,0,0,,,0,0,0,,,,,0,0,,0,,0,,1202
1203,51.042588,-125.543002,0,0,,0,0,0,,0,0,0,0,,,0,0,0,,,,,0,0,,0,,0,,1203
1204,51.039327,-125.588931,0,0,,0,0,0,,0,0,0,0,,,0,0,0,,,,,0,0,,0,,0,,1204
1205,51.049573,-125.600256,0,0,,0,0,0,,0,0,0,0,,,0,0,0,,,,,0,0,,0,,0,,1205
1206,51.053197,-125.606891,0,0,,0,0,0,,0,0,0,0,,,0,0,0,,,,,0,0,,0,,0,,1206
1207,51.055447,-125.612489,0,0,,0,0,0,,0,0,0,0,,,0,0,0,,,,,0,0,,0,,0,,1207
1208,51.058267,-125.616529,0,0,,0,0,0,,0,0,0,0,,,0,0,0,,,,,0,0,,0,,0,,1208
1209,51.038995,-125.576202,0,0,,0,0,0,,0,0,0,0,,,0,0,0,,,,,0,0,,0,,0,,1209
1210,50.861678,-125.643938,0,0,,0,0,0,,0,0,0,0,,,0,0,0,,,,,0,0,,0,,0,,1210
1211,50.834757,-125.645294,0,0,,0,0,0,,0,0,0,0,,,0,0,0,,,,,0,0,,0,,0,,1211
1212,50.803829,-125.642907,0,0,,0,0,0,,0,0,0,0,,,0,0,0,,,,,0,0,,0,,0,,1212
1213,50.792441,-125.63818,0,0,,0,0,0,,0,0,0,0,,,0,0,0,,,,,0,0,,0,,0,,1213
1214,50.78173,-125.643903,0,0,,0,0,0,,0,0,0,0,,,0,0,0,,,,,0,0,,0,,0,,1214
1215,50.702364,-125.746082,0,0,,0,0,0,,0,0,0,0,,,0,0,0,,,,,0,0,,0,,0,,1215
1216,50.693389,-125.874522,0,0,,0,0,0,,0,0,0,0,,,0,0,0,,,,,0,0,,0,,0,,1216
1217,50.699097,-125.853424,0,0,,0,0,0,,0,0,0,0,,,0,0,0,,,,,0,0,,0,,0,,1217
1218,53.846213,-128.545676,0,0,,0,0,0,,0,0,0,0,,,0,0,0,,,,,0,0,,0,,0,,1218
1219,53.846685,-128.533959,0,0,,0,0,0,,0,0,0,0,,,0,0,0,,,,,0,0,,0,,0,,1219
1220,53.850546,-128.64143,0,0,,0,0,0,,0,0,0,0,,,0,0,0,,,,,0,0,,0,,0,,1220
1221,53.644713,-129.153526,0,0,,0,0,0,,0,0,0,0,,,0,0,0,,,,,0,0,,0,,0,,1221
1222,53.810043,-129.956124,0,0,,0,0,0,,0,0,0,0,,,0,0,0,,,,,0,0,,0,,0,,1222
1223,53.755781,-129.878632,0,0,,0,0,0,,0,0,0,0,,,0,0,0,,,,,0,0,,0,,0,,1223
1224,53.304674,-128.993428,0,0,,0,0,0,,0,0,0,0,,,0,0,0,,,,,0,0,,0,,0,,1224
1225,53.293148,-129.281145,0,0,,0,0,0,,0,0,0,0,,,0,0,0,,,,,0,0,,0,,0,,1225
1226,53.038513,-129.265455,,,,,,,,,,,,,,,,,,,,,,,,,,,,1226
1227,53.619893,-129.210646,,,,,,,,,,,,,,,,,,,,,,,,,,,,1227
1228,53.923087,-128.70363,,,,,,,,,,,,,,,,,,,,,,,,,,,,1228
1229,53.932906,-128.692652,,,,,,,,,,,,,,,,,,,,,,,,,,,,1229
1230,53.933444,-128.695815,,,,,,,,,,,,,,,,,,,,,,,,,,,,1230
1231,53.935081,-128.68849,,,,,,,,,,,,,,,,,,,,,,,,,,,,1231
1232,53.934711,-128.685696,,,,,,,,,,,,,,,,,,,,,,,,,,,,1232
1233,53.938783,-128.691156,,,,,,,,,,,,,,,,,,,,,,,,,,,,1233
1234,53.967438,-128.680798,,,,,,,,,,,,,,,,,,,,,,,,,,,,1234
1235,53.461562,-129.071517,,,,,,,,,,,,,,,,,,,,,,,,,,,,1235
1236,53.466394,-128.971563,,,,,,,,,,,,,,,,,,,,,,,,,,,,1236
1237,53.469986,-129.077397,,,,,,,,,,,,,,,,,,,,,,,,,,,,1237
1238,53.472238,-129.063518,,,,,,,,,,,,,,,,,,,,,,,,,,,,1238
1239,53.497534,-128.989293,,,,,,,,,,,,,,,,,,,,,,,,,,,,1239
1240,53.517099,-129.231073,,,,,,,,,,,,,,,,,,,,,,,,,,,,1240
1241,53.537056,-128.783822,,,,,,,,,,,,,,,,,,,,,,,,,,,,1241
1242,53.540136,-128.786318,,,,,,,,,,,,,,,,,,,,,,,,,,,,1242
1243,53.544042,-128.790552,,,,,,,,,,,,,,,,,,,,,,,,,,,,1243
1244,53.545797,-128.92892,,,,,,,,,,,,,,,,,,,,,,,,,,,,1244
1245,53.535714,-129.033959,,,,,,,,,,,,,,,,,,,,,,,,,,,,1245
1246,53.551973,-128.794615,,,,,,,,,,,,,,,,,,,,,,,,,,,,1246
1247,53.56541,-128.951833,,,,,,,,,,,,,,,,,,,,,,,,,,,,1247
1248,53.564381,-128.873394,,,,,,,,,,,,,,,,,,,,,,,,,,,,1248
1249,53.588332,-129.240707,,,,,,,,,,,,,,,,,,,,,,,,,,,,1249
1250,53.622077,-128.854991,,,,,,,,,,,,,,,,,,,,,,,,,,,,1250
1251,53.630175,-128.868925,,,,,,,,,,,,,,,,,,,,,,,,,,,,1251
1252,53.629999,-128.860731,,,,,,,,,,,,,,,,,,,,,,,,,,,,1252
1253,53.716406,-128.805396,,,,,,,,,,,,,,,,,,,,,,,,,,,,1253
1254,53.727015,-128.854641,,,,,,,,,,,,,,,,,,,,,,,,,,,,1254
1255,53.741118,-128.97933,,,,,,,,,,,,,,,,,,,,,,,,,,,,1255
1256,53.785268,-128.910048,,,,,,,,,,,,,,,,,,,,,,,,,,,,1256
1257,53.836196,-128.54373,,,,,,,,,,,,,,,,,,,,,,,,,,,,1257
1258,53.844773,-128.629904,,,,,,,,,,,,,,,,,,,,,,,,,,,,1258
1259,53.847265,-128.545683,,,,,,,,,,,,,,,,,,,,,,,,,,,,1259
1260,53.854753,-128.705626,,,,,,,,,,,,,,,,,,,,,,,,,,,,1260
1261,53.962748,-128.696601,,,,,,,,,,,,,,,,,,,,,,,,,,,,1261
1262,53.969636,-128.696502,,,,,,,,,,,,,,,,,,,,,,,,,,,,1262
1263,53.191512,-129.15475,,,,,,,,,,,,,,,,,,,,,,,,,,,,1263
1264,53.532742,-129.048937,,,,,,,,,,,,,,,,,,,,,,,,,,,,1264
1265,53.408011,-129.188697,,,,,,,,,,,,,,,,,,,,,,,,,,,,1265
1266,53.498531,-129.185586,,,,,,,,,,,,,,,,,,,,,,,,,,,,1266